"source","population","temperature","country","weeks_survived","survived","exp_length","sample_size","experiment_index","population_index"
,,4,"Senegal",0,0,15,,1,1
,,4,"Senegal",0,0,15,,1,1
,,4,"Senegal",0,0,15,,1,1
,,4,"Senegal",0,0,15,,1,1
,,4,"Senegal",0,0,15,,1,1
,,4,"Senegal",0,0,15,,1,1
,,4,"Senegal",0,0,15,,1,1
,,4,"Senegal",0,0,15,,1,1
,,4,"Senegal",0,0,15,,1,1
,,4,"Senegal",0,0,15,,1,1
,,4,"Senegal",0,0,15,,1,1
,,4,"Senegal",0,0,15,,1,1
,,4,"Senegal",0,0,15,,1,1
,,4,"Senegal",0,0,15,,1,1
,,4,"Senegal",0,0,15,,1,1
,,4,"Senegal",0,0,15,,1,1
,,4,"Senegal",0,0,15,,1,1
,,4,"Senegal",0,0,15,,1,1
,,4,"Senegal",0,0,15,,1,1
,,4,"Senegal",0,0,15,,1,1
,,4,"Senegal",0,0,15,,1,1
,,4,"Senegal",0,0,15,,1,1
,,4,"Senegal",0,0,15,,1,1
,,4,"Senegal",0,0,15,,1,1
,,4,"Senegal",0,0,15,,1,1
,,4,"Senegal",0,0,15,,1,1
,,4,"Senegal",0,0,15,,1,1
,,4,"Senegal",0,0,15,,1,1
,,4,"Senegal",0,0,15,,1,1
,,4,"Senegal",0,0,15,,1,1
,,4,"Senegal",0,0,15,,1,1
,,4,"Senegal",0,0,15,,1,1
,,4,"Senegal",0,0,15,,1,1
,,4,"Senegal",0,0,15,,1,1
,,4,"Senegal",0,0,15,,1,1
,,4,"Senegal",0,0,15,,1,1
,,4,"Senegal",0,0,15,,1,1
,,4,"Senegal",0,0,15,,1,1
,,4,"Senegal",0,0,15,,1,1
,,4,"Senegal",0,0,15,,1,1
,,4,"Senegal",0,0,15,,1,1
,,4,"Senegal",0,0,15,,1,1
,,4,"Senegal",0,0,15,,1,1
,,4,"Senegal",0,0,15,,1,1
,,4,"Senegal",0,0,15,,1,1
,,4,"Senegal",0,0,15,,1,1
,,4,"Senegal",0,0,15,,1,1
,,4,"Senegal",0,0,15,,1,1
,,4,"Senegal",0,0,15,,1,1
,,4,"Senegal",0,0,15,,1,1
,,4,"Senegal",0,0,15,,1,1
,,4,"Senegal",0,0,15,,1,1
,,4,"Senegal",0,0,15,,1,1
,,4,"Senegal",0,0,15,,1,1
,,4,"Senegal",0,0,15,,1,1
,,4,"Senegal",0,0,15,,1,1
,,4,"Senegal",0,0,15,,1,1
,,4,"Senegal",0,0,15,,1,1
,,4,"Senegal",0,0,15,,1,1
,,4,"Senegal",0,0,15,,1,1
,,4,"Senegal",0,0,15,,1,1
,,4,"Senegal",0,0,15,,1,1
,,4,"Senegal",0,0,15,,1,1
,,4,"Senegal",0,0,15,,1,1
,,4,"Senegal",0,0,15,,1,1
,,4,"Senegal",0,0,15,,1,1
,,4,"Senegal",0,0,15,,1,1
,,4,"Senegal",0,0,15,,1,1
,,4,"Senegal",0,0,15,,1,1
,,4,"Senegal",0,0,15,,1,1
,,4,"Senegal",0,0,15,,1,1
,,4,"Senegal",0,0,15,,1,1
,,4,"Senegal",0,0,15,,1,1
,,4,"Senegal",0,0,15,,1,1
,,4,"Senegal",0,0,15,,1,1
,,4,"Senegal",0,0,15,,1,1
,,4,"Senegal",0,0,15,,1,1
,,4,"Senegal",0,0,15,,1,1
,,4,"Senegal",0,0,15,,1,1
,,4,"Senegal",0,0,15,,1,1
,,4,"Senegal",0,0,15,,1,1
,,4,"Zimbabwe",0,0,15,,2,2
,,4,"Zimbabwe",0,0,15,,2,2
,,4,"Zimbabwe",0,0,15,,2,2
,,4,"Zimbabwe",0,0,15,,2,2
,,4,"Zimbabwe",0,0,15,,2,2
,,4,"Zimbabwe",0,0,15,,2,2
,,4,"Zimbabwe",0,0,15,,2,2
,,4,"Zimbabwe",0,0,15,,2,2
,,4,"Zimbabwe",0,0,15,,2,2
,,4,"Zimbabwe",0,0,15,,2,2
,,4,"Zimbabwe",0,0,15,,2,2
,,4,"Zimbabwe",0,0,15,,2,2
,,4,"Zimbabwe",0,0,15,,2,2
,,4,"Zimbabwe",0,0,15,,2,2
,,4,"Zimbabwe",0,0,15,,2,2
,,4,"Zimbabwe",0,0,15,,2,2
,,4,"Zimbabwe",0,0,15,,2,2
,,4,"Zimbabwe",0,0,15,,2,2
,,4,"Zimbabwe",0,0,15,,2,2
,,4,"Zimbabwe",0,0,15,,2,2
,,4,"Zimbabwe",0,0,15,,2,2
,,4,"Zimbabwe",0,0,15,,2,2
,,4,"Zimbabwe",0,0,15,,2,2
,,4,"Zimbabwe",0,0,15,,2,2
,,4,"Zimbabwe",0,0,15,,2,2
,,4,"Zimbabwe",0,0,15,,2,2
,,4,"Zimbabwe",0,0,15,,2,2
,,4,"Zimbabwe",0,0,15,,2,2
,,4,"Zimbabwe",0,0,15,,2,2
,,4,"Zimbabwe",0,0,15,,2,2
,,4,"Zimbabwe",0,0,15,,2,2
,,4,"Zimbabwe",0,0,15,,2,2
,,4,"Zimbabwe",0,0,15,,2,2
,,4,"Zimbabwe",0,0,15,,2,2
,,4,"Zimbabwe",0,0,15,,2,2
,,4,"Zimbabwe",0,0,15,,2,2
,,4,"Zimbabwe",0,0,15,,2,2
,,4,"Zimbabwe",0,0,15,,2,2
,,4,"Zimbabwe",0,0,15,,2,2
,,4,"Zimbabwe",0,0,15,,2,2
,,4,"Zimbabwe",0,0,15,,2,2
,,4,"Zimbabwe",0,0,15,,2,2
,,4,"Zimbabwe",0,0,15,,2,2
,,4,"Zimbabwe",0,0,15,,2,2
,,4,"Zimbabwe",0,0,15,,2,2
,,4,"Zimbabwe",0,0,15,,2,2
,,4,"Zimbabwe",0,0,15,,2,2
,,4,"Zimbabwe",0,0,15,,2,2
,,4,"Zimbabwe",0,0,15,,2,2
,,4,"Zimbabwe",0,0,15,,2,2
,,4,"Zimbabwe",0,0,15,,2,2
,,4,"Zimbabwe",0,0,15,,2,2
,,4,"Zimbabwe",0,0,15,,2,2
,,4,"Zimbabwe",0,0,15,,2,2
,,4,"Corsica",0,0,15,,3,3
,,4,"Corsica",0,0,15,,3,3
,,4,"Corsica",0,0,15,,3,3
,,4,"Corsica",0,0,15,,3,3
,,4,"Corsica",0,0,15,,3,3
,,4,"Corsica",0,0,15,,3,3
,,4,"Corsica",0,0,15,,3,3
,,4,"Corsica",,1,0,,3,3
,,4,"Corsica",0,0,15,,3,3
,,4,"Corsica",0,0,15,,3,3
,,4,"Corsica",0,0,15,,3,3
,,4,"Corsica",0,0,15,,3,3
,,4,"Corsica",0,0,15,,3,3
,,4,"Corsica",0,0,15,,3,3
,,4,"Corsica",0,0,15,,3,3
,,4,"Corsica",0,0,15,,3,3
,,4,"Corsica",0,0,15,,3,3
,,4,"Corsica",0,0,15,,3,3
,,4,"Corsica",0,0,15,,3,3
,,4,"Corsica",0,0,15,,3,3
,,4,"Corsica",0,0,15,,3,3
,,4,"Corsica",0,0,15,,3,3
,,4,"Corsica",0,0,15,,3,3
,,4,"Corsica",0,0,15,,3,3
,,4,"Corsica",0,0,15,,3,3
,,4,"Corsica",0,0,15,,3,3
,,4,"Corsica",0,0,15,,3,3
,,4,"Corsica",0,0,15,,3,3
,,4,"Corsica",0,0,15,,3,3
,,4,"Corsica",0,0,15,,3,3
,,4,"Corsica",0,0,15,,3,3
,,4,"Corsica",0,0,15,,3,3
,,4,"Corsica",0,0,15,,3,3
,,4,"Corsica",0,0,15,,3,3
,,4,"Corsica",0,0,15,,3,3
,,4,"Corsica",0,0,15,,3,3
,,4,"Corsica",0,0,15,,3,3
,,4,"Corsica",0,0,15,,3,3
,,4,"Corsica",0,0,15,,3,3
,,4,"Corsica",0,0,15,,3,3
,,4,"Corsica",0,0,15,,3,3
,,4,"Corsica",0,0,15,,3,3
,,4,"Corsica",0,0,15,,3,3
,,4,"Corsica",,1,0,,3,3
,,4,"Corsica",0,0,15,,3,3
,,4,"Corsica",0,0,15,,3,3
,,4,"Corsica",0,0,15,,3,3
,,4,"Corsica",0,0,15,,3,3
,,4,"Corsica",0,0,15,,3,3
,,4,"Corsica",0,0,15,,3,3
,,4,"Corsica",,1,0,,3,3
,,4,"Corsica",,1,0,,3,3
,,4,"Corsica",0,0,15,,3,3
,,4,"Corsica",0,0,15,,3,3
,,4,"Corsica",0,0,15,,3,3
,,4,"Corsica",0,0,15,,3,3
,,4,"Corsica",,1,0,,3,3
,,4,"Corsica",0,0,15,,3,3
,,4,"Corsica",0,0,15,,3,3
,,4,"Corsica",0,0,15,,3,3
,,8,"Senegal",,1,13,,4,1
,,8,"Senegal",,1,13,,4,1
,,8,"Senegal",0,0,15,,4,1
,,8,"Senegal",0,0,15,,4,1
,,8,"Senegal",,1,13,,4,1
,,8,"Senegal",,1,13,,4,1
,,8,"Senegal",8,0,15,,4,1
,,8,"Senegal",,1,13,,4,1
,,8,"Senegal",,1,13,,4,1
,,8,"Senegal",,1,13,,4,1
,,8,"Senegal",,1,13,,4,1
,,8,"Senegal",,1,13,,4,1
,,8,"Senegal",,1,13,,4,1
,,8,"Senegal",8,0,15,,4,1
,,8,"Senegal",,1,13,,4,1
,,8,"Senegal",,1,13,,4,1
,,8,"Senegal",,1,13,,4,1
,,8,"Senegal",,1,13,,4,1
,,8,"Senegal",,1,13,,4,1
,,8,"Senegal",,1,13,,4,1
,,8,"Senegal",,1,13,,4,1
,,8,"Senegal",,1,13,,4,1
,,8,"Senegal",,1,6,,4,1
,,8,"Senegal",,1,13,,4,1
,,8,"Senegal",,1,13,,4,1
,,8,"Senegal",,1,13,,4,1
,,8,"Senegal",,1,13,,4,1
,,8,"Senegal",,1,13,,4,1
,,8,"Senegal",,1,7,,4,1
,,8,"Senegal",,1,13,,4,1
,,8,"Senegal",5,0,15,,4,1
,,8,"Senegal",,1,13,,4,1
,,8,"Senegal",,1,13,,4,1
,,8,"Senegal",,1,13,,4,1
,,8,"Senegal",0,0,15,,4,1
,,8,"Senegal",1,0,15,,4,1
,,8,"Senegal",,1,11,,4,1
,,8,"Senegal",10,0,15,,4,1
,,8,"Senegal",3,0,15,,4,1
,,8,"Senegal",11,0,15,,4,1
,,8,"Senegal",,1,5,,4,1
,,8,"Senegal",,1,13,,4,1
,,8,"Senegal",,1,13,,4,1
,,8,"Senegal",,1,11,,4,1
,,8,"Senegal",,1,5,,4,1
,,8,"Senegal",,1,12,,4,1
,,8,"Senegal",,1,13,,4,1
,,8,"Senegal",11,0,15,,4,1
,,8,"Senegal",,1,13,,4,1
,,8,"Senegal",,1,13,,4,1
,,8,"Senegal",,1,13,,4,1
,,8,"Senegal",,1,13,,4,1
,,8,"Senegal",,1,13,,4,1
,,8,"Senegal",,1,13,,4,1
,,8,"Senegal",,1,13,,4,1
,,8,"Senegal",,1,13,,4,1
,,8,"Senegal",,1,13,,4,1
,,8,"Senegal",,1,13,,4,1
,,8,"Senegal",,1,13,,4,1
,,8,"Senegal",,1,12,,4,1
,,8,"Senegal",,1,0,,4,1
,,8,"Senegal",,1,13,,4,1
,,8,"Senegal",,1,13,,4,1
,,8,"Senegal",,1,0,,4,1
,,8,"Senegal",,1,6,,4,1
,,8,"Senegal",6,0,15,,4,1
,,8,"Senegal",,1,13,,4,1
,,8,"Senegal",,1,13,,4,1
,,8,"Senegal",,1,8,,4,1
,,8,"Senegal",,1,13,,4,1
,,8,"Senegal",,1,13,,4,1
,,8,"Senegal",,1,13,,4,1
,,8,"Senegal",,1,13,,4,1
,,8,"Senegal",,1,13,,4,1
,,8,"Senegal",,1,13,,4,1
,,8,"Senegal",,1,13,,4,1
,,8,"Senegal",4,0,15,,4,1
,,8,"Senegal",,1,13,,4,1
,,8,"Senegal",,1,13,,4,1
,,8,"Senegal",,1,13,,4,1
,,8,"Senegal",,1,13,,4,1
,,8,"Senegal",,1,13,,4,1
,,8,"Senegal",1,0,15,,4,1
,,8,"Senegal",,1,13,,4,1
,,8,"Senegal",9,0,15,,4,1
,,8,"Senegal",,1,13,,4,1
,,8,"Senegal",,1,3,,4,1
,,8,"Senegal",,1,13,,4,1
,,8,"Senegal",,1,13,,4,1
,,8,"Senegal",1,0,15,,4,1
,,8,"Senegal",,1,13,,4,1
,,8,"Senegal",,1,13,,4,1
,,8,"Senegal",,1,13,,4,1
,,8,"Senegal",,1,13,,4,1
,,8,"Senegal",,1,13,,4,1
,,8,"Senegal",,1,13,,4,1
,,8,"Senegal",,1,13,,4,1
,,8,"Senegal",,1,1,,4,1
,,8,"Senegal",,1,13,,4,1
,,8,"Senegal",,1,13,,4,1
,,8,"Senegal",,1,7,,4,1
,,8,"Senegal",,1,13,,4,1
,,8,"Senegal",9,0,15,,4,1
,,8,"Senegal",,1,13,,4,1
,,8,"Senegal",,1,13,,4,1
,,8,"Senegal",,1,5,,4,1
,,8,"Senegal",,1,13,,4,1
,,8,"Senegal",,1,13,,4,1
,,8,"Senegal",,1,13,,4,1
,,8,"Senegal",,1,3,,4,1
,,8,"Senegal",,1,1,,4,1
,,8,"Senegal",,1,3,,4,1
,,8,"Senegal",3,0,15,,4,1
,,8,"Senegal",,1,4,,4,1
,,8,"Senegal",,1,13,,4,1
,,8,"Senegal",,1,11,,4,1
,,8,"Senegal",6,0,15,,4,1
,,8,"Senegal",7,0,15,,4,1
,,8,"Zimbabwe",,1,10,,5,2
,,8,"Zimbabwe",5,0,15,,5,2
,,8,"Zimbabwe",3,0,15,,5,2
,,8,"Zimbabwe",,1,9,,5,2
,,8,"Zimbabwe",11,0,15,,5,2
,,8,"Zimbabwe",,1,13,,5,2
,,8,"Zimbabwe",,1,13,,5,2
,,8,"Zimbabwe",12,0,15,,5,2
,,8,"Zimbabwe",,1,8,,5,2
,,8,"Zimbabwe",6,0,15,,5,2
,,8,"Zimbabwe",3,0,15,,5,2
,,8,"Zimbabwe",8,0,15,,5,2
,,8,"Zimbabwe",,1,13,,5,2
,,8,"Zimbabwe",,1,13,,5,2
,,8,"Zimbabwe",,1,13,,5,2
,,8,"Zimbabwe",,1,13,,5,2
,,8,"Zimbabwe",,1,7,,5,2
,,8,"Zimbabwe",4,0,15,,5,2
,,8,"Zimbabwe",7,0,15,,5,2
,,8,"Zimbabwe",7,0,15,,5,2
,,8,"Zimbabwe",11,0,15,,5,2
,,8,"Zimbabwe",,1,13,,5,2
,,8,"Zimbabwe",,1,13,,5,2
,,8,"Zimbabwe",,1,13,,5,2
,,8,"Zimbabwe",,1,5,,5,2
,,8,"Zimbabwe",4,0,15,,5,2
,,8,"Zimbabwe",,1,2,,5,2
,,8,"Zimbabwe",5,0,15,,5,2
,,8,"Zimbabwe",,1,13,,5,2
,,8,"Zimbabwe",,1,13,,5,2
,,8,"Zimbabwe",,1,4,,5,2
,,8,"Zimbabwe",,1,5,,5,2
,,8,"Zimbabwe",5,0,15,,5,2
,,8,"Zimbabwe",4,0,15,,5,2
,,8,"Zimbabwe",2,0,15,,5,2
,,8,"Zimbabwe",7,0,15,,5,2
,,8,"Zimbabwe",,1,12,,5,2
,,8,"Zimbabwe",,1,13,,5,2
,,8,"Zimbabwe",,1,13,,5,2
,,8,"Zimbabwe",6,0,15,,5,2
,,8,"Zimbabwe",,1,6,,5,2
,,8,"Zimbabwe",,1,1,,5,2
,,8,"Zimbabwe",5,0,15,,5,2
,,8,"Zimbabwe",,1,13,,5,2
,,8,"Zimbabwe",,1,13,,5,2
,,8,"Zimbabwe",,1,10,,5,2
,,8,"Zimbabwe",5,0,15,,5,2
,,8,"Zimbabwe",0,0,15,,5,2
,,8,"Zimbabwe",3,0,15,,5,2
,,8,"Zimbabwe",,1,3,,5,2
,,8,"Zimbabwe",0,0,15,,5,2
,,8,"Zimbabwe",5,0,15,,5,2
,,8,"Zimbabwe",,1,13,,5,2
,,8,"Zimbabwe",,1,13,,5,2
,,8,"Zimbabwe",,1,13,,5,2
,,8,"Zimbabwe",4,0,15,,5,2
,,8,"Zimbabwe",6,0,15,,5,2
,,8,"Zimbabwe",6,0,15,,5,2
,,8,"Zimbabwe",,1,10,,5,2
,,8,"Zimbabwe",2,0,15,,5,2
,,8,"Zimbabwe",,1,9,,5,2
,,8,"Zimbabwe",9,0,15,,5,2
,,8,"Zimbabwe",7,0,15,,5,2
,,8,"Zimbabwe",,1,9,,5,2
,,8,"Zimbabwe",8,0,15,,5,2
,,8,"Zimbabwe",,1,8,,5,2
,,8,"Zimbabwe",,1,13,,5,2
,,8,"Zimbabwe",,1,13,,5,2
,,8,"Zimbabwe",,1,13,,5,2
,,8,"Zimbabwe",,1,13,,5,2
,,8,"Zimbabwe",7,0,15,,5,2
,,8,"Zimbabwe",8,0,15,,5,2
,,8,"Zimbabwe",7,0,15,,5,2
,,8,"Zimbabwe",,1,8,,5,2
,,8,"Zimbabwe",,1,13,,5,2
,,8,"Zimbabwe",,1,13,,5,2
,,8,"Zimbabwe",,1,13,,5,2
,,8,"Zimbabwe",,1,13,,5,2
,,8,"Corsica",,1,13,,6,3
,,8,"Corsica",,1,13,,6,3
,,8,"Corsica",,1,13,,6,3
,,8,"Corsica",0,0,15,,6,3
,,8,"Corsica",,1,13,,6,3
,,8,"Corsica",,1,13,,6,3
,,8,"Corsica",,1,13,,6,3
,,8,"Corsica",10,0,15,,6,3
,,8,"Corsica",,1,13,,6,3
,,8,"Corsica",,1,13,,6,3
,,8,"Corsica",,1,13,,6,3
,,8,"Corsica",,1,13,,6,3
,,8,"Corsica",,1,13,,6,3
,,8,"Corsica",,1,13,,6,3
,,8,"Corsica",,1,13,,6,3
,,8,"Corsica",,1,13,,6,3
,,8,"Corsica",,1,13,,6,3
,,8,"Corsica",,1,2,,6,3
,,8,"Corsica",,1,13,,6,3
,,8,"Corsica",,1,13,,6,3
,,8,"Corsica",,1,13,,6,3
,,8,"Corsica",,1,13,,6,3
,,8,"Corsica",,1,13,,6,3
,,8,"Corsica",,1,13,,6,3
,,8,"Corsica",,1,13,,6,3
,,8,"Corsica",,1,13,,6,3
,,8,"Corsica",,1,13,,6,3
,,8,"Corsica",,1,13,,6,3
,,8,"Corsica",8,0,15,,6,3
,,8,"Corsica",,1,13,,6,3
,,8,"Corsica",,1,3,,6,3
,,8,"Corsica",,1,13,,6,3
,,8,"Corsica",,1,13,,6,3
,,8,"Corsica",,1,13,,6,3
,,8,"Corsica",,1,13,,6,3
,,8,"Corsica",4,0,15,,6,3
,,8,"Corsica",6,0,15,,6,3
,,8,"Corsica",,1,8,,6,3
,,8,"Corsica",8,0,15,,6,3
,,8,"Corsica",1,0,15,,6,3
,,8,"Corsica",,1,13,,6,3
,,8,"Corsica",,1,13,,6,3
,,8,"Corsica",,1,13,,6,3
,,8,"Corsica",,1,13,,6,3
,,8,"Corsica",,1,13,,6,3
,,8,"Corsica",,1,13,,6,3
,,8,"Corsica",,1,13,,6,3
,,8,"Corsica",,1,10,,6,3
,,8,"Corsica",,1,2,,6,3
,,8,"Corsica",10,0,15,,6,3
,,8,"Corsica",,1,13,,6,3
,,8,"Corsica",,1,13,,6,3
,,8,"Corsica",,1,13,,6,3
,,8,"Corsica",,1,2,,6,3
,,8,"Corsica",,1,13,,6,3
,,8,"Corsica",,1,13,,6,3
,,8,"Corsica",,1,13,,6,3
,,8,"Corsica",,1,13,,6,3
,,8,"Corsica",,1,13,,6,3
,,8,"Corsica",,1,13,,6,3
,,8,"Corsica",,1,13,,6,3
,,8,"Corsica",,1,13,,6,3
,,8,"Corsica",,1,13,,6,3
,,8,"Corsica",,1,13,,6,3
,,8,"Corsica",,1,13,,6,3
,,8,"Corsica",,1,13,,6,3
,,8,"Corsica",,1,13,,6,3
,,8,"Corsica",,1,13,,6,3
,,8,"Corsica",,1,13,,6,3
,,8,"Corsica",,1,13,,6,3
,,8,"Corsica",,1,13,,6,3
,,8,"Corsica",,1,13,,6,3
,,8,"Corsica",,1,13,,6,3
,,8,"Corsica",,1,13,,6,3
,,8,"Corsica",,1,13,,6,3
,,8,"Corsica",,1,13,,6,3
,,8,"Corsica",,1,13,,6,3
,,8,"Corsica",,1,13,,6,3
,,8,"Corsica",,1,13,,6,3
,,8,"Corsica",,1,13,,6,3
,,8,"Corsica",,1,13,,6,3
,,8,"Corsica",,1,13,,6,3
,,8,"Corsica",,1,7,,6,3
,,8,"Corsica",,1,13,,6,3
,,8,"Corsica",,1,13,,6,3
,,8,"Corsica",,1,13,,6,3
,,8,"Corsica",,1,13,,6,3
,,8,"Corsica",,1,13,,6,3
,,8,"Corsica",,1,13,,6,3
,,12,"Senegal",,1,13,,7,1
,,12,"Senegal",12,0,15,,7,1
,,12,"Senegal",,1,13,,7,1
,,12,"Senegal",,1,13,,7,1
,,12,"Senegal",,1,13,,7,1
,,12,"Senegal",,1,13,,7,1
,,12,"Senegal",,1,10,,7,1
,,12,"Senegal",,1,13,,7,1
,,12,"Senegal",,1,13,,7,1
,,12,"Senegal",,1,7,,7,1
,,12,"Senegal",11,0,15,,7,1
,,12,"Senegal",10,0,15,,7,1
,,12,"Senegal",,1,13,,7,1
,,12,"Senegal",,1,4,,7,1
,,12,"Senegal",,1,13,,7,1
,,12,"Senegal",,1,13,,7,1
,,12,"Senegal",,1,6,,7,1
,,12,"Senegal",,1,13,,7,1
,,12,"Senegal",,1,13,,7,1
,,12,"Senegal",,1,13,,7,1
,,12,"Senegal",,1,13,,7,1
,,12,"Senegal",,1,13,,7,1
,,12,"Senegal",,1,13,,7,1
,,12,"Senegal",,1,13,,7,1
,,12,"Senegal",,1,13,,7,1
,,12,"Senegal",,1,13,,7,1
,,12,"Senegal",,1,13,,7,1
,,12,"Senegal",,1,13,,7,1
,,12,"Senegal",,1,1,,7,1
,,12,"Senegal",,1,13,,7,1
,,12,"Senegal",,1,13,,7,1
,,12,"Senegal",,1,7,,7,1
,,12,"Senegal",,1,13,,7,1
,,12,"Senegal",,1,13,,7,1
,,12,"Senegal",,1,13,,7,1
,,12,"Senegal",,1,10,,7,1
,,12,"Senegal",,1,13,,7,1
,,12,"Senegal",,1,13,,7,1
,,12,"Senegal",,1,13,,7,1
,,12,"Senegal",,1,12,,7,1
,,12,"Senegal",,1,13,,7,1
,,12,"Senegal",,1,13,,7,1
,,12,"Senegal",,1,13,,7,1
,,12,"Senegal",,1,13,,7,1
,,12,"Senegal",,1,13,,7,1
,,12,"Senegal",,1,13,,7,1
,,12,"Senegal",,1,13,,7,1
,,12,"Senegal",,1,13,,7,1
,,12,"Senegal",,1,0,,7,1
,,12,"Senegal",,1,13,,7,1
,,12,"Senegal",,1,13,,7,1
,,12,"Senegal",,1,13,,7,1
,,12,"Senegal",,1,13,,7,1
,,12,"Senegal",,1,13,,7,1
,,12,"Senegal",,1,13,,7,1
,,12,"Senegal",,1,13,,7,1
,,12,"Senegal",,1,13,,7,1
,,12,"Senegal",,1,13,,7,1
,,12,"Senegal",6,0,15,,7,1
,,12,"Senegal",,1,13,,7,1
,,12,"Senegal",,1,13,,7,1
,,12,"Senegal",2,0,15,,7,1
,,12,"Senegal",,1,13,,7,1
,,12,"Senegal",,1,3,,7,1
,,12,"Senegal",7,0,15,,7,1
,,12,"Senegal",,1,6,,7,1
,,12,"Senegal",,1,8,,7,1
,,12,"Senegal",,1,13,,7,1
,,12,"Senegal",,1,5,,7,1
,,12,"Senegal",,1,13,,7,1
,,12,"Senegal",,1,13,,7,1
,,12,"Senegal",,1,13,,7,1
,,12,"Senegal",,1,13,,7,1
,,12,"Senegal",,1,13,,7,1
,,12,"Senegal",,1,13,,7,1
,,12,"Senegal",,1,13,,7,1
,,12,"Senegal",12,0,15,,7,1
,,12,"Senegal",0,0,15,,7,1
,,12,"Senegal",,1,13,,7,1
,,12,"Senegal",,1,13,,7,1
,,12,"Senegal",,1,13,,7,1
,,12,"Senegal",6,0,15,,7,1
,,12,"Senegal",,1,3,,7,1
,,12,"Senegal",,1,6,,7,1
,,12,"Senegal",,1,13,,7,1
,,12,"Senegal",,1,13,,7,1
,,12,"Senegal",,1,2,,7,1
,,12,"Senegal",,1,13,,7,1
,,12,"Senegal",,1,13,,7,1
,,12,"Senegal",,1,13,,7,1
,,12,"Senegal",,1,13,,7,1
,,12,"Senegal",,1,13,,7,1
,,12,"Senegal",3,0,15,,7,1
,,12,"Senegal",,1,10,,7,1
,,12,"Senegal",,1,13,,7,1
,,12,"Senegal",,1,13,,7,1
,,12,"Senegal",,1,6,,7,1
,,12,"Senegal",,1,13,,7,1
,,12,"Senegal",,1,5,,7,1
,,12,"Senegal",,1,13,,7,1
,,12,"Senegal",,1,13,,7,1
,,12,"Zimbabwe",,1,13,,8,2
,,12,"Zimbabwe",,1,13,,8,2
,,12,"Zimbabwe",,1,13,,8,2
,,12,"Zimbabwe",,1,13,,8,2
,,12,"Zimbabwe",,1,13,,8,2
,,12,"Zimbabwe",,1,13,,8,2
,,12,"Zimbabwe",,1,13,,8,2
,,12,"Zimbabwe",,1,13,,8,2
,,12,"Zimbabwe",0,0,15,,8,2
,,12,"Zimbabwe",,1,13,,8,2
,,12,"Zimbabwe",,1,13,,8,2
,,12,"Zimbabwe",,1,13,,8,2
,,12,"Zimbabwe",,1,13,,8,2
,,12,"Zimbabwe",,1,13,,8,2
,,12,"Zimbabwe",,1,13,,8,2
,,12,"Zimbabwe",,1,13,,8,2
,,12,"Zimbabwe",,1,13,,8,2
,,12,"Zimbabwe",,1,13,,8,2
,,12,"Zimbabwe",4,0,15,,8,2
,,12,"Zimbabwe",11,0,15,,8,2
,,12,"Zimbabwe",,1,11,,8,2
,,12,"Zimbabwe",,1,13,,8,2
,,12,"Zimbabwe",,1,13,,8,2
,,12,"Zimbabwe",,1,13,,8,2
,,12,"Zimbabwe",12,0,15,,8,2
,,12,"Zimbabwe",,1,13,,8,2
,,12,"Zimbabwe",,1,13,,8,2
,,12,"Zimbabwe",,1,13,,8,2
,,12,"Zimbabwe",,1,13,,8,2
,,12,"Zimbabwe",,1,13,,8,2
,,12,"Zimbabwe",0,0,15,,8,2
,,12,"Zimbabwe",,1,5,,8,2
,,12,"Zimbabwe",5,0,15,,8,2
,,12,"Zimbabwe",,1,13,,8,2
,,12,"Zimbabwe",,1,13,,8,2
,,12,"Zimbabwe",,1,13,,8,2
,,12,"Zimbabwe",,1,13,,8,2
,,12,"Zimbabwe",,1,13,,8,2
,,12,"Zimbabwe",,1,7,,8,2
,,12,"Zimbabwe",,1,13,,8,2
,,12,"Zimbabwe",,1,13,,8,2
,,12,"Zimbabwe",,1,13,,8,2
,,12,"Zimbabwe",,1,6,,8,2
,,12,"Zimbabwe",,1,5,,8,2
,,12,"Zimbabwe",,1,4,,8,2
,,12,"Zimbabwe",,1,13,,8,2
,,12,"Zimbabwe",,1,13,,8,2
,,12,"Zimbabwe",,1,13,,8,2
,,12,"Zimbabwe",,1,13,,8,2
,,12,"Zimbabwe",3,0,15,,8,2
,,12,"Zimbabwe",,1,13,,8,2
,,12,"Zimbabwe",,1,12,,8,2
,,12,"Zimbabwe",,1,13,,8,2
,,12,"Zimbabwe",,1,13,,8,2
,,12,"Zimbabwe",,1,13,,8,2
,,12,"Zimbabwe",,1,13,,8,2
,,12,"Zimbabwe",7,0,15,,8,2
,,12,"Zimbabwe",,1,13,,8,2
,,12,"Zimbabwe",,1,13,,8,2
,,12,"Zimbabwe",,1,13,,8,2
,,12,"Zimbabwe",,1,11,,8,2
,,12,"Zimbabwe",,1,13,,8,2
,,12,"Zimbabwe",,1,13,,8,2
,,12,"Zimbabwe",,1,11,,8,2
,,12,"Zimbabwe",,1,12,,8,2
,,12,"Zimbabwe",0,0,15,,8,2
,,12,"Zimbabwe",,1,13,,8,2
,,12,"Zimbabwe",,1,13,,8,2
,,12,"Zimbabwe",,1,13,,8,2
,,12,"Zimbabwe",,1,13,,8,2
,,12,"Zimbabwe",,1,13,,8,2
,,12,"Corsica",,1,13,,9,3
,,12,"Corsica",,1,10,,9,3
,,12,"Corsica",,1,13,,9,3
,,12,"Corsica",,1,13,,9,3
,,12,"Corsica",,1,13,,9,3
,,12,"Corsica",,1,13,,9,3
,,12,"Corsica",,1,13,,9,3
,,12,"Corsica",,1,13,,9,3
,,12,"Corsica",,1,13,,9,3
,,12,"Corsica",0,0,15,,9,3
,,12,"Corsica",,1,13,,9,3
,,12,"Corsica",,1,13,,9,3
,,12,"Corsica",,1,13,,9,3
,,12,"Corsica",11,0,15,,9,3
,,12,"Corsica",,1,13,,9,3
,,12,"Corsica",,1,13,,9,3
,,12,"Corsica",,1,13,,9,3
,,12,"Corsica",,1,13,,9,3
,,12,"Corsica",5,0,15,,9,3
,,12,"Corsica",,1,13,,9,3
,,12,"Corsica",,1,13,,9,3
,,12,"Corsica",,1,6,,9,3
,,12,"Corsica",,1,-1,,9,3
,,12,"Corsica",6,0,15,,9,3
,,12,"Corsica",,1,13,,9,3
,,12,"Corsica",,1,13,,9,3
,,12,"Corsica",,1,13,,9,3
,,12,"Corsica",13,0,15,,9,3
,,12,"Corsica",,1,13,,9,3
,,12,"Corsica",,1,3,,9,3
,,12,"Corsica",,1,13,,9,3
,,12,"Corsica",,1,13,,9,3
,,12,"Corsica",,1,13,,9,3
,,12,"Corsica",,1,13,,9,3
,,12,"Corsica",,1,13,,9,3
,,12,"Corsica",,1,13,,9,3
,,12,"Corsica",,1,10,,9,3
,,12,"Corsica",,1,13,,9,3
,,12,"Corsica",,1,13,,9,3
,,12,"Corsica",,1,13,,9,3
,,12,"Corsica",,1,13,,9,3
,,12,"Corsica",,1,13,,9,3
,,12,"Corsica",5,0,15,,9,3
,,12,"Corsica",,1,13,,9,3
,,12,"Corsica",,1,13,,9,3
,,12,"Corsica",,1,13,,9,3
,,12,"Corsica",,1,13,,9,3
,,12,"Corsica",,1,13,,9,3
,,12,"Corsica",,1,-1,,9,3
,,12,"Corsica",,1,13,,9,3
,,12,"Corsica",,1,13,,9,3
,,12,"Corsica",,1,13,,9,3
,,12,"Corsica",,1,13,,9,3
,,12,"Corsica",,1,13,,9,3
,,12,"Corsica",,1,13,,9,3
,,12,"Corsica",,1,3,,9,3
,,12,"Corsica",,1,13,,9,3
,,12,"Corsica",,1,9,,9,3
,,12,"Corsica",,1,8,,9,3
,,12,"Corsica",2,0,15,,9,3
,,12,"Corsica",,1,13,,9,3
,,12,"Corsica",,1,13,,9,3
,,12,"Corsica",,1,13,,9,3
,,12,"Corsica",1,0,15,,9,3
,,12,"Corsica",,1,13,,9,3
,,12,"Corsica",,1,13,,9,3
,,12,"Corsica",0,0,15,,9,3
,,12,"Corsica",7,0,15,,9,3
,,12,"Corsica",,1,7,,9,3
,,12,"Corsica",,1,13,,9,3
,,12,"Corsica",0,0,15,,9,3
,,12,"Corsica",,1,13,,9,3
,,12,"Corsica",,1,13,,9,3
,,12,"Corsica",,1,11,,9,3
,,12,"Corsica",,1,10,,9,3
,,12,"Corsica",,1,13,,9,3
,,12,"Corsica",,1,13,,9,3
,,12,"Corsica",13,0,15,,9,3
,,12,"Corsica",,1,13,,9,3
,,12,"Corsica",4,0,15,,9,3
,,18,"Senegal",,1,13,,10,1
,,18,"Senegal",,1,13,,10,1
,,18,"Senegal",,1,10,,10,1
,,18,"Senegal",,1,10,,10,1
,,18,"Senegal",,1,13,,10,1
,,18,"Senegal",,1,13,,10,1
,,18,"Senegal",,1,13,,10,1
,,18,"Senegal",,1,13,,10,1
,,18,"Senegal",,1,13,,10,1
,,18,"Senegal",,1,11,,10,1
,,18,"Senegal",,1,5,,10,1
,,18,"Senegal",,1,13,,10,1
,,18,"Senegal",,1,13,,10,1
,,18,"Senegal",,1,13,,10,1
,,18,"Senegal",,1,13,,10,1
,,18,"Senegal",,1,13,,10,1
,,18,"Senegal",4,0,15,,10,1
,,18,"Senegal",,1,13,,10,1
,,18,"Senegal",,1,2,,10,1
,,18,"Senegal",,1,12,,10,1
,,18,"Senegal",,1,13,,10,1
,,18,"Senegal",,1,0,,10,1
,,18,"Senegal",,1,-1,,10,1
,,18,"Senegal",0,0,15,,10,1
,,18,"Senegal",,1,13,,10,1
,,18,"Senegal",,1,13,,10,1
,,18,"Senegal",,1,13,,10,1
,,18,"Senegal",,1,-1,,10,1
,,18,"Senegal",,1,13,,10,1
,,18,"Senegal",,1,13,,10,1
,,18,"Senegal",,1,13,,10,1
,,18,"Senegal",,1,13,,10,1
,,18,"Senegal",,1,2,,10,1
,,18,"Senegal",,1,13,,10,1
,,18,"Senegal",,1,13,,10,1
,,18,"Senegal",,1,13,,10,1
,,18,"Senegal",,1,13,,10,1
,,18,"Senegal",,1,13,,10,1
,,18,"Senegal",,1,5,,10,1
,,18,"Senegal",,1,12,,10,1
,,18,"Senegal",,1,13,,10,1
,,18,"Senegal",,1,13,,10,1
,,18,"Senegal",,1,13,,10,1
,,18,"Senegal",,1,2,,10,1
,,18,"Senegal",,1,13,,10,1
,,18,"Senegal",,1,13,,10,1
,,18,"Senegal",,1,13,,10,1
,,18,"Senegal",,1,13,,10,1
,,18,"Senegal",,1,13,,10,1
,,18,"Senegal",,1,13,,10,1
,,18,"Senegal",,1,13,,10,1
,,18,"Senegal",,1,13,,10,1
,,18,"Senegal",,1,13,,10,1
,,18,"Senegal",,1,13,,10,1
,,18,"Senegal",9,0,15,,10,1
,,18,"Senegal",,1,13,,10,1
,,18,"Senegal",,1,13,,10,1
,,18,"Senegal",,1,13,,10,1
,,18,"Senegal",,1,2,,10,1
,,18,"Senegal",,1,13,,10,1
,,18,"Senegal",4,0,15,,10,1
,,18,"Senegal",0,0,15,,10,1
,,18,"Senegal",,1,4,,10,1
,,18,"Senegal",,1,4,,10,1
,,18,"Senegal",1,0,15,,10,1
,,18,"Senegal",4,0,15,,10,1
,,18,"Senegal",,1,13,,10,1
,,18,"Senegal",,1,13,,10,1
,,18,"Senegal",,1,13,,10,1
,,18,"Senegal",,1,13,,10,1
,,18,"Senegal",,1,13,,10,1
,,18,"Senegal",,1,13,,10,1
,,18,"Senegal",,1,13,,10,1
,,18,"Senegal",,1,13,,10,1
,,18,"Senegal",,1,13,,10,1
,,18,"Senegal",,1,1,,10,1
,,18,"Senegal",,1,13,,10,1
,,18,"Senegal",,1,13,,10,1
,,18,"Senegal",4,0,15,,10,1
,,18,"Senegal",,1,10,,10,1
,,18,"Senegal",10,0,15,,10,1
,,18,"Senegal",,1,13,,10,1
,,18,"Senegal",12,0,15,,10,1
,,18,"Senegal",,1,5,,10,1
,,18,"Senegal",,1,13,,10,1
,,18,"Senegal",,1,13,,10,1
,,18,"Senegal",,1,13,,10,1
,,18,"Senegal",8,0,15,,10,1
,,18,"Senegal",,1,6,,10,1
,,18,"Senegal",,1,8,,10,1
,,18,"Senegal",0,0,15,,10,1
,,18,"Senegal",,1,9,,10,1
,,18,"Senegal",9,0,15,,10,1
,,18,"Senegal",2,0,15,,10,1
,,18,"Senegal",,1,13,,10,1
,,18,"Senegal",,1,13,,10,1
,,18,"Senegal",12,0,15,,10,1
,,18,"Senegal",,1,13,,10,1
,,18,"Senegal",,1,-1,,10,1
,,18,"Senegal",,1,13,,10,1
,,18,"Senegal",8,0,15,,10,1
,,18,"Senegal",,1,13,,10,1
,,18,"Zimbabwe",,1,7,,11,2
,,18,"Zimbabwe",,1,6,,11,2
,,18,"Zimbabwe",,1,-1,,11,2
,,18,"Zimbabwe",,1,13,,11,2
,,18,"Zimbabwe",,1,13,,11,2
,,18,"Zimbabwe",,1,13,,11,2
,,18,"Zimbabwe",,1,13,,11,2
,,18,"Zimbabwe",,1,13,,11,2
,,18,"Zimbabwe",,1,0,,11,2
,,18,"Zimbabwe",,1,-1,,11,2
,,18,"Zimbabwe",,1,13,,11,2
,,18,"Zimbabwe",,1,13,,11,2
,,18,"Zimbabwe",,1,2,,11,2
,,18,"Zimbabwe",3,0,15,,11,2
,,18,"Zimbabwe",,1,4,,11,2
,,18,"Zimbabwe",,1,13,,11,2
,,18,"Zimbabwe",,1,13,,11,2
,,18,"Zimbabwe",,1,13,,11,2
,,18,"Zimbabwe",,1,5,,11,2
,,18,"Zimbabwe",,1,2,,11,2
,,18,"Zimbabwe",,1,4,,11,2
,,18,"Zimbabwe",,1,13,,11,2
,,18,"Zimbabwe",,1,13,,11,2
,,18,"Zimbabwe",,1,-1,,11,2
,,18,"Zimbabwe",,1,13,,11,2
,,18,"Zimbabwe",,1,13,,11,2
,,18,"Zimbabwe",,1,2,,11,2
,,18,"Zimbabwe",,1,13,,11,2
,,18,"Zimbabwe",,1,13,,11,2
,,18,"Zimbabwe",,1,13,,11,2
,,18,"Zimbabwe",,1,13,,11,2
,,18,"Zimbabwe",,1,5,,11,2
,,18,"Zimbabwe",,1,13,,11,2
,,18,"Zimbabwe",,1,13,,11,2
,,18,"Zimbabwe",,1,13,,11,2
,,18,"Zimbabwe",,1,13,,11,2
,,18,"Zimbabwe",,1,4,,11,2
,,18,"Zimbabwe",4,0,15,,11,2
,,18,"Zimbabwe",3,0,15,,11,2
,,18,"Zimbabwe",,1,13,,11,2
,,18,"Zimbabwe",,1,13,,11,2
,,18,"Zimbabwe",,1,13,,11,2
,,18,"Zimbabwe",,1,13,,11,2
,,18,"Zimbabwe",,1,9,,11,2
,,18,"Zimbabwe",12,0,15,,11,2
,,18,"Zimbabwe",,1,13,,11,2
,,18,"Zimbabwe",,1,13,,11,2
,,18,"Zimbabwe",,1,13,,11,2
,,18,"Zimbabwe",,1,13,,11,2
,,18,"Zimbabwe",,1,13,,11,2
,,18,"Zimbabwe",,1,13,,11,2
,,18,"Zimbabwe",,1,13,,11,2
,,18,"Zimbabwe",,1,13,,11,2
,,18,"Zimbabwe",,1,13,,11,2
,,18,"Zimbabwe",,1,2,,11,2
,,18,"Zimbabwe",,1,3,,11,2
,,18,"Zimbabwe",,1,1,,11,2
,,18,"Zimbabwe",,1,13,,11,2
,,18,"Zimbabwe",,1,13,,11,2
,,18,"Zimbabwe",,1,13,,11,2
,,18,"Zimbabwe",,1,13,,11,2
,,18,"Zimbabwe",,1,13,,11,2
,,18,"Zimbabwe",,1,13,,11,2
,,18,"Zimbabwe",,1,13,,11,2
,,18,"Zimbabwe",,1,13,,11,2
,,18,"Zimbabwe",,1,13,,11,2
,,18,"Zimbabwe",,1,13,,11,2
,,18,"Zimbabwe",,1,13,,11,2
,,18,"Zimbabwe",,1,12,,11,2
,,18,"Zimbabwe",,1,13,,11,2
,,18,"Zimbabwe",,1,13,,11,2
,,18,"Zimbabwe",,1,13,,11,2
,,18,"Corsica",,1,13,,12,3
,,18,"Corsica",,1,13,,12,3
,,18,"Corsica",,1,13,,12,3
,,18,"Corsica",,1,13,,12,3
,,18,"Corsica",,1,13,,12,3
,,18,"Corsica",,1,13,,12,3
,,18,"Corsica",,1,13,,12,3
,,18,"Corsica",,1,13,,12,3
,,18,"Corsica",,1,0,,12,3
,,18,"Corsica",,1,13,,12,3
,,18,"Corsica",,1,13,,12,3
,,18,"Corsica",,1,0,,12,3
,,18,"Corsica",,1,13,,12,3
,,18,"Corsica",,1,13,,12,3
,,18,"Corsica",,1,13,,12,3
,,18,"Corsica",,1,13,,12,3
,,18,"Corsica",,1,13,,12,3
,,18,"Corsica",,1,13,,12,3
,,18,"Corsica",,1,13,,12,3
,,18,"Corsica",,1,13,,12,3
,,18,"Corsica",,1,13,,12,3
,,18,"Corsica",,1,13,,12,3
,,18,"Corsica",,1,13,,12,3
,,18,"Corsica",,1,13,,12,3
,,18,"Corsica",,1,13,,12,3
,,18,"Corsica",,1,13,,12,3
,,18,"Corsica",,1,8,,12,3
,,18,"Corsica",,1,7,,12,3
,,18,"Corsica",,1,13,,12,3
,,18,"Corsica",,1,13,,12,3
,,18,"Corsica",,1,9,,12,3
,,18,"Corsica",,1,13,,12,3
,,18,"Corsica",13,0,15,,12,3
,,18,"Corsica",,1,13,,12,3
,,18,"Corsica",,1,13,,12,3
,,18,"Corsica",,1,13,,12,3
,,18,"Corsica",,1,13,,12,3
,,18,"Corsica",,1,13,,12,3
,,18,"Corsica",,1,13,,12,3
,,18,"Corsica",,1,13,,12,3
,,18,"Corsica",,1,13,,12,3
,,18,"Corsica",12,0,15,,12,3
,,18,"Corsica",,1,12,,12,3
,,18,"Corsica",,1,13,,12,3
,,18,"Corsica",,1,13,,12,3
,,18,"Corsica",,1,13,,12,3
,,18,"Corsica",,1,13,,12,3
,,18,"Corsica",,1,13,,12,3
,,18,"Corsica",,1,13,,12,3
,,18,"Corsica",,1,-1,,12,3
,,18,"Corsica",5,0,15,,12,3
,,18,"Corsica",,1,5,,12,3
,,18,"Corsica",,1,7,,12,3
,,18,"Corsica",7,0,15,,12,3
,,18,"Corsica",,1,8,,12,3
,,18,"Corsica",,1,13,,12,3
,,18,"Corsica",,1,13,,12,3
,,18,"Corsica",,1,6,,12,3
,,18,"Corsica",,1,8,,12,3
,,18,"Corsica",,1,5,,12,3
,,18,"Corsica",,1,9,,12,3
,,18,"Corsica",,1,13,,12,3
,,18,"Corsica",3,0,15,,12,3
,,18,"Corsica",,1,13,,12,3
,,18,"Corsica",0,0,15,,12,3
,,18,"Corsica",,1,13,,12,3
,,18,"Corsica",,1,13,,12,3
,,18,"Corsica",,1,13,,12,3
,,18,"Corsica",,1,13,,12,3
,,18,"Corsica",,1,13,,12,3
,,18,"Corsica",,1,13,,12,3
,,18,"Corsica",,1,13,,12,3
,,18,"Corsica",5,0,15,,12,3
,,18,"Corsica",,1,13,,12,3
,,18,"Corsica",,1,-1,,12,3
,,18,"Corsica",,1,13,,12,3
,,18,"Corsica",,1,6,,12,3
,,18,"Corsica",,1,13,,12,3
,,18,"Corsica",,1,13,,12,3
,,24,"Senegal",,1,4,,13,1
,,24,"Senegal",3,0,15,,13,1
,,24,"Senegal",,1,3,,13,1
,,24,"Senegal",,1,13,,13,1
,,24,"Senegal",,1,13,,13,1
,,24,"Senegal",11,0,15,,13,1
,,24,"Senegal",,1,1,,13,1
,,24,"Senegal",11,0,15,,13,1
,,24,"Senegal",11,0,15,,13,1
,,24,"Senegal",6,0,15,,13,1
,,24,"Senegal",3,0,15,,13,1
,,24,"Senegal",6,0,15,,13,1
,,24,"Senegal",0,0,15,,13,1
,,24,"Senegal",,1,3,,13,1
,,24,"Senegal",0,0,15,,13,1
,,24,"Senegal",0,0,15,,13,1
,,24,"Senegal",,1,-1,,13,1
,,24,"Senegal",,1,0,,13,1
,,24,"Senegal",12,0,15,,13,1
,,24,"Senegal",,1,13,,13,1
,,24,"Senegal",10,0,15,,13,1
,,24,"Senegal",5,0,15,,13,1
,,24,"Senegal",0,0,15,,13,1
,,24,"Senegal",,1,5,,13,1
,,24,"Senegal",,1,8,,13,1
,,24,"Senegal",8,0,15,,13,1
,,24,"Senegal",0,0,15,,13,1
,,24,"Senegal",,1,4,,13,1
,,24,"Senegal",0,0,15,,13,1
,,24,"Senegal",4,0,15,,13,1
,,24,"Senegal",,1,6,,13,1
,,24,"Senegal",,1,7,,13,1
,,24,"Senegal",2,0,15,,13,1
,,24,"Senegal",11,0,15,,13,1
,,24,"Senegal",11,0,15,,13,1
,,24,"Senegal",10,0,15,,13,1
,,24,"Senegal",11,0,15,,13,1
,,24,"Senegal",10,0,15,,13,1
,,24,"Senegal",,1,11,,13,1
,,24,"Senegal",,1,8,,13,1
,,24,"Senegal",8,0,15,,13,1
,,24,"Senegal",0,0,15,,13,1
,,24,"Senegal",,1,8,,13,1
,,24,"Senegal",5,0,15,,13,1
,,24,"Senegal",8,0,15,,13,1
,,24,"Senegal",4,0,15,,13,1
,,24,"Senegal",,1,9,,13,1
,,24,"Senegal",9,0,15,,13,1
,,24,"Senegal",,1,1,,13,1
,,24,"Senegal",,1,9,,13,1
,,24,"Senegal",9,0,15,,13,1
,,24,"Senegal",3,0,15,,13,1
,,24,"Senegal",4,0,15,,13,1
,,24,"Senegal",,1,4,,13,1
,,24,"Senegal",2,0,15,,13,1
,,24,"Senegal",10,0,15,,13,1
,,24,"Senegal",10,0,15,,13,1
,,24,"Senegal",,1,9,,13,1
,,24,"Senegal",,1,8,,13,1
,,24,"Senegal",,1,1,,13,1
,,24,"Senegal",5,0,15,,13,1
,,24,"Senegal",,1,6,,13,1
,,24,"Senegal",6,0,15,,13,1
,,24,"Senegal",,1,7,,13,1
,,24,"Senegal",3,0,15,,13,1
,,24,"Senegal",,1,6,,13,1
,,24,"Senegal",,1,6,,13,1
,,24,"Senegal",,1,5,,13,1
,,24,"Senegal",5,0,15,,13,1
,,24,"Senegal",,1,-1,,13,1
,,24,"Senegal",,1,7,,13,1
,,24,"Senegal",7,0,15,,13,1
,,24,"Senegal",,1,-1,,13,1
,,24,"Senegal",7,0,15,,13,1
,,24,"Senegal",7,0,15,,13,1
,,24,"Senegal",5,0,15,,13,1
,,24,"Senegal",,1,7,,13,1
,,24,"Senegal",7,0,15,,13,1
,,24,"Senegal",2,0,15,,13,1
,,24,"Senegal",,1,3,,13,1
,,24,"Senegal",3,0,15,,13,1
,,24,"Senegal",,1,7,,13,1
,,24,"Senegal",5,0,15,,13,1
,,24,"Senegal",7,0,15,,13,1
,,24,"Senegal",0,0,15,,13,1
,,24,"Senegal",,1,1,,13,1
,,24,"Senegal",0,0,15,,13,1
,,24,"Senegal",,1,4,,13,1
,,24,"Senegal",2,0,15,,13,1
,,24,"Senegal",,1,3,,13,1
,,24,"Senegal",4,0,15,,13,1
,,24,"Senegal",1,0,15,,13,1
,,24,"Senegal",,1,4,,13,1
,,24,"Senegal",7,0,15,,13,1
,,24,"Senegal",,1,7,,13,1
,,24,"Senegal",5,0,15,,13,1
,,24,"Senegal",3,0,15,,13,1
,,24,"Senegal",2,0,15,,13,1
,,24,"Senegal",,1,3,,13,1
,,24,"Senegal",4,0,15,,13,1
,,24,"Senegal",,1,4,,13,1
,,24,"Senegal",0,0,15,,13,1
,,24,"Senegal",4,0,15,,13,1
,,24,"Senegal",,1,4,,13,1
,,24,"Senegal",2,0,15,,13,1
,,24,"Zimbabwe",1,0,15,,14,2
,,24,"Zimbabwe",,1,0,,14,2
,,24,"Zimbabwe",,1,1,,14,2
,,24,"Zimbabwe",13,0,15,,14,2
,,24,"Zimbabwe",2,0,15,,14,2
,,24,"Zimbabwe",,1,13,,14,2
,,24,"Zimbabwe",,1,4,,14,2
,,24,"Zimbabwe",,1,2,,14,2
,,24,"Zimbabwe",,1,5,,14,2
,,24,"Zimbabwe",6,0,15,,14,2
,,24,"Zimbabwe",,1,10,,14,2
,,24,"Zimbabwe",10,0,15,,14,2
,,24,"Zimbabwe",,1,2,,14,2
,,24,"Zimbabwe",,1,4,,14,2
,,24,"Zimbabwe",1,0,15,,14,2
,,24,"Zimbabwe",,1,0,,14,2
,,24,"Zimbabwe",1,0,15,,14,2
,,24,"Zimbabwe",2,0,15,,14,2
,,24,"Zimbabwe",,1,5,,14,2
,,24,"Zimbabwe",5,0,15,,14,2
,,24,"Zimbabwe",,1,-1,,14,2
,,24,"Zimbabwe",,1,13,,14,2
,,24,"Zimbabwe",,1,13,,14,2
,,24,"Zimbabwe",,1,13,,14,2
,,24,"Zimbabwe",,1,11,,14,2
,,24,"Zimbabwe",11,0,15,,14,2
,,24,"Zimbabwe",,1,1,,14,2
,,24,"Zimbabwe",,1,13,,14,2
,,24,"Zimbabwe",,1,13,,14,2
,,24,"Zimbabwe",,1,13,,14,2
,,24,"Zimbabwe",10,0,15,,14,2
,,24,"Zimbabwe",,1,7,,14,2
,,24,"Zimbabwe",,1,-1,,14,2
,,24,"Zimbabwe",,1,13,,14,2
,,24,"Zimbabwe",,1,13,,14,2
,,24,"Zimbabwe",,1,10,,14,2
,,24,"Zimbabwe",,1,-1,,14,2
,,24,"Zimbabwe",,1,-1,,14,2
,,24,"Zimbabwe",,1,2,,14,2
,,24,"Zimbabwe",6,0,15,,14,2
,,24,"Zimbabwe",,1,2,,14,2
,,24,"Zimbabwe",,1,6,,14,2
,,24,"Zimbabwe",,1,13,,14,2
,,24,"Zimbabwe",,1,7,,14,2
,,24,"Zimbabwe",,1,11,,14,2
,,24,"Zimbabwe",,1,13,,14,2
,,24,"Zimbabwe",,1,7,,14,2
,,24,"Zimbabwe",12,0,15,,14,2
,,24,"Zimbabwe",,1,-1,,14,2
,,24,"Zimbabwe",,1,5,,14,2
,,24,"Zimbabwe",,1,4,,14,2
,,24,"Zimbabwe",,1,2,,14,2
,,24,"Zimbabwe",,1,13,,14,2
,,24,"Zimbabwe",,1,13,,14,2
,,24,"Zimbabwe",,1,6,,14,2
,,24,"Zimbabwe",,1,-1,,14,2
,,24,"Zimbabwe",6,0,15,,14,2
,,24,"Zimbabwe",,1,13,,14,2
,,24,"Zimbabwe",,1,13,,14,2
,,24,"Zimbabwe",,1,13,,14,2
,,24,"Zimbabwe",,1,9,,14,2
,,24,"Zimbabwe",9,0,15,,14,2
,,24,"Zimbabwe",6,0,15,,14,2
,,24,"Zimbabwe",,1,13,,14,2
,,24,"Zimbabwe",8,0,15,,14,2
,,24,"Zimbabwe",,1,13,,14,2
,,24,"Zimbabwe",,1,13,,14,2
,,24,"Zimbabwe",,1,13,,14,2
,,24,"Zimbabwe",9,0,15,,14,2
,,24,"Zimbabwe",,1,13,,14,2
,,24,"Zimbabwe",,1,13,,14,2
,,24,"Zimbabwe",,1,13,,14,2
,,24,"Corsica",,1,10,,15,3
,,24,"Corsica",10,0,15,,15,3
,,24,"Corsica",10,0,15,,15,3
,,24,"Corsica",,1,11,,15,3
,,24,"Corsica",,1,4,,15,3
,,24,"Corsica",,1,13,,15,3
,,24,"Corsica",,1,13,,15,3
,,24,"Corsica",,1,13,,15,3
,,24,"Corsica",,1,13,,15,3
,,24,"Corsica",0,0,15,,15,3
,,24,"Corsica",,1,13,,15,3
,,24,"Corsica",,1,13,,15,3
,,24,"Corsica",,1,7,,15,3
,,24,"Corsica",,1,8,,15,3
,,24,"Corsica",0,0,15,,15,3
,,24,"Corsica",,1,13,,15,3
,,24,"Corsica",,1,13,,15,3
,,24,"Corsica",,1,13,,15,3
,,24,"Corsica",,1,13,,15,3
,,24,"Corsica",,1,13,,15,3
,,24,"Corsica",10,0,15,,15,3
,,24,"Corsica",12,0,15,,15,3
,,24,"Corsica",,1,0,,15,3
,,24,"Corsica",,1,12,,15,3
,,24,"Corsica",10,0,15,,15,3
,,24,"Corsica",,1,10,,15,3
,,24,"Corsica",0,0,15,,15,3
,,24,"Corsica",,1,13,,15,3
,,24,"Corsica",,1,13,,15,3
,,24,"Corsica",,1,12,,15,3
,,24,"Corsica",,1,13,,15,3
,,24,"Corsica",,1,13,,15,3
,,24,"Corsica",11,0,15,,15,3
,,24,"Corsica",,1,13,,15,3
,,24,"Corsica",,1,13,,15,3
,,24,"Corsica",,1,13,,15,3
,,24,"Corsica",,1,13,,15,3
,,24,"Corsica",0,0,15,,15,3
,,24,"Corsica",12,0,15,,15,3
,,24,"Corsica",,1,13,,15,3
,,24,"Corsica",11,0,15,,15,3
,,24,"Corsica",,1,13,,15,3
,,24,"Corsica",,1,13,,15,3
,,24,"Corsica",9,0,15,,15,3
,,24,"Corsica",,1,13,,15,3
,,24,"Corsica",,1,13,,15,3
,,24,"Corsica",,1,13,,15,3
,,24,"Corsica",,1,12,,15,3
,,24,"Corsica",,1,13,,15,3
,,24,"Corsica",,1,13,,15,3
,,24,"Corsica",,1,11,,15,3
,,24,"Corsica",,1,2,,15,3
,,24,"Corsica",,1,6,,15,3
,,24,"Corsica",6,0,15,,15,3
,,24,"Corsica",,1,13,,15,3
,,24,"Corsica",,1,13,,15,3
,,24,"Corsica",,1,13,,15,3
,,24,"Corsica",,1,13,,15,3
,,24,"Corsica",,1,13,,15,3
,,24,"Corsica",,1,13,,15,3
,,24,"Corsica",,1,3,,15,3
,,24,"Corsica",5,0,15,,15,3
,,24,"Corsica",,1,5,,15,3
,,24,"Corsica",3,0,15,,15,3
,,24,"Corsica",,1,2,,15,3
,,24,"Corsica",2,0,15,,15,3
,,24,"Corsica",,1,13,,15,3
,,24,"Corsica",,1,13,,15,3
,,24,"Corsica",,1,13,,15,3
,,24,"Corsica",,1,13,,15,3
,,24,"Corsica",9,0,15,,15,3
,,24,"Corsica",,1,13,,15,3
,,24,"Corsica",,1,13,,15,3
,,24,"Corsica",,1,13,,15,3
,,24,"Corsica",2,0,15,,15,3
,,24,"Corsica",,1,13,,15,3
,,24,"Corsica",,1,7,,15,3
,,24,"Corsica",8,0,15,,15,3
,,28,"Senegal",0,0,15,,16,1
,,28,"Senegal",2,0,15,,16,1
,,28,"Senegal",,1,2,,16,1
,,28,"Senegal",,1,1,,16,1
,,28,"Senegal",1,0,15,,16,1
,,28,"Senegal",0,0,15,,16,1
,,28,"Senegal",,1,2,,16,1
,,28,"Senegal",0,0,15,,16,1
,,28,"Senegal",5,0,15,,16,1
,,28,"Senegal",,1,3,,16,1
,,28,"Senegal",0,0,15,,16,1
,,28,"Senegal",,1,4,,16,1
,,28,"Senegal",3,0,15,,16,1
,,28,"Senegal",1,0,15,,16,1
,,28,"Senegal",,1,3,,16,1
,,28,"Senegal",0,0,15,,16,1
,,28,"Senegal",0,0,15,,16,1
,,28,"Senegal",,1,0,,16,1
,,28,"Senegal",7,0,15,,16,1
,,28,"Senegal",,1,7,,16,1
,,28,"Senegal",7,0,15,,16,1
,,28,"Senegal",2,0,15,,16,1
,,28,"Senegal",6,0,15,,16,1
,,28,"Senegal",,1,6,,16,1
,,28,"Senegal",1,0,15,,16,1
,,28,"Senegal",,1,8,,16,1
,,28,"Senegal",9,0,15,,16,1
,,28,"Senegal",,1,10,,16,1
,,28,"Senegal",8,0,15,,16,1
,,28,"Senegal",10,0,15,,16,1
,,28,"Senegal",0,0,15,,16,1
,,28,"Senegal",,1,1,,16,1
,,28,"Senegal",1,0,15,,16,1
,,28,"Senegal",9,0,15,,16,1
,,28,"Senegal",,1,9,,16,1
,,28,"Senegal",2,0,15,,16,1
,,28,"Senegal",10,0,15,,16,1
,,28,"Senegal",,1,10,,16,1
,,28,"Senegal",1,0,15,,16,1
,,28,"Senegal",,1,4,,16,1
,,28,"Senegal",0,0,15,,16,1
,,28,"Senegal",4,0,15,,16,1
,,28,"Senegal",,1,1,,16,1
,,28,"Senegal",5,0,15,,16,1
,,28,"Senegal",5,0,15,,16,1
,,28,"Senegal",,1,5,,16,1
,,28,"Senegal",,1,4,,16,1
,,28,"Senegal",0,0,15,,16,1
,,28,"Senegal",0,0,15,,16,1
,,28,"Senegal",0,0,15,,16,1
,,28,"Senegal",,1,1,,16,1
,,28,"Senegal",1,0,15,,16,1
,,28,"Senegal",1,0,15,,16,1
,,28,"Senegal",3,0,15,,16,1
,,28,"Senegal",,1,3,,16,1
,,28,"Senegal",1,0,15,,16,1
,,28,"Senegal",0,0,15,,16,1
,,28,"Senegal",4,0,15,,16,1
,,28,"Senegal",,1,4,,16,1
,,28,"Senegal",,1,1,,16,1
,,28,"Senegal",0,0,15,,16,1
,,28,"Senegal",1,0,15,,16,1
,,28,"Senegal",2,0,15,,16,1
,,28,"Senegal",3,0,15,,16,1
,,28,"Senegal",,1,3,,16,1
,,28,"Senegal",0,0,15,,16,1
,,28,"Senegal",,1,1,,16,1
,,28,"Senegal",0,0,15,,16,1
,,28,"Senegal",,1,0,,16,1
,,28,"Senegal",0,0,15,,16,1
,,28,"Senegal",0,0,15,,16,1
,,28,"Senegal",2,0,15,,16,1
,,28,"Senegal",1,0,15,,16,1
,,28,"Senegal",,1,2,,16,1
,,28,"Senegal",,1,-1,,16,1
,,28,"Senegal",,1,1,,16,1
,,28,"Senegal",0,0,15,,16,1
,,28,"Senegal",1,0,15,,16,1
,,28,"Senegal",7,0,15,,16,1
,,28,"Senegal",,1,7,,16,1
,,28,"Senegal",,1,1,,16,1
,,28,"Senegal",2,0,15,,16,1
,,28,"Senegal",2,0,15,,16,1
,,28,"Senegal",,1,-1,,16,1
,,28,"Senegal",1,0,15,,16,1
,,28,"Senegal",0,0,15,,16,1
,,28,"Senegal",2,0,15,,16,1
,,28,"Senegal",,1,4,,16,1
,,28,"Senegal",4,0,15,,16,1
,,28,"Senegal",5,0,15,,16,1
,,28,"Senegal",2,0,15,,16,1
,,28,"Senegal",,1,5,,16,1
,,28,"Senegal",2,0,15,,16,1
,,28,"Senegal",,1,2,,16,1
,,28,"Senegal",2,0,15,,16,1
,,28,"Senegal",6,0,15,,16,1
,,28,"Senegal",4,0,15,,16,1
,,28,"Senegal",6,0,15,,16,1
,,28,"Senegal",1,0,15,,16,1
,,28,"Senegal",1,0,15,,16,1
,,28,"Senegal",1,0,15,,16,1
,,28,"Zimbabwe",,1,5,,17,2
,,28,"Zimbabwe",1,0,15,,17,2
,,28,"Zimbabwe",5,0,15,,17,2
,,28,"Zimbabwe",5,0,15,,17,2
,,28,"Zimbabwe",,1,11,,17,2
,,28,"Zimbabwe",11,0,15,,17,2
,,28,"Zimbabwe",0,0,15,,17,2
,,28,"Zimbabwe",0,0,15,,17,2
,,28,"Zimbabwe",0,0,15,,17,2
,,28,"Zimbabwe",,1,10,,17,2
,,28,"Zimbabwe",10,0,15,,17,2
,,28,"Zimbabwe",0,0,15,,17,2
,,28,"Zimbabwe",8,0,15,,17,2
,,28,"Zimbabwe",,1,8,,17,2
,,28,"Zimbabwe",8,0,15,,17,2
,,28,"Zimbabwe",11,0,15,,17,2
,,28,"Zimbabwe",13,0,15,,17,2
,,28,"Zimbabwe",,1,13,,17,2
,,28,"Zimbabwe",,1,0,,17,2
,,28,"Zimbabwe",,1,-1,,17,2
,,28,"Zimbabwe",0,0,15,,17,2
,,28,"Zimbabwe",,1,12,,17,2
,,28,"Zimbabwe",12,0,15,,17,2
,,28,"Zimbabwe",0,0,15,,17,2
,,28,"Zimbabwe",,1,3,,17,2
,,28,"Zimbabwe",3,0,15,,17,2
,,28,"Zimbabwe",,1,0,,17,2
,,28,"Zimbabwe",2,0,15,,17,2
,,28,"Zimbabwe",,1,13,,17,2
,,28,"Zimbabwe",,1,13,,17,2
,,28,"Zimbabwe",4,0,15,,17,2
,,28,"Zimbabwe",0,0,15,,17,2
,,28,"Zimbabwe",4,0,15,,17,2
,,28,"Zimbabwe",2,0,15,,17,2
,,28,"Zimbabwe",,1,7,,17,2
,,28,"Zimbabwe",,1,8,,17,2
,,28,"Zimbabwe",,1,2,,17,2
,,28,"Zimbabwe",,1,-1,,17,2
,,28,"Zimbabwe",1,0,15,,17,2
,,28,"Zimbabwe",2,0,15,,17,2
,,28,"Zimbabwe",2,0,15,,17,2
,,28,"Zimbabwe",0,0,15,,17,2
,,28,"Zimbabwe",,1,0,,17,2
,,28,"Zimbabwe",0,0,15,,17,2
,,28,"Zimbabwe",0,0,15,,17,2
,,28,"Zimbabwe",0,0,15,,17,2
,,28,"Zimbabwe",,1,1,,17,2
,,28,"Zimbabwe",,1,0,,17,2
,,28,"Zimbabwe",1,0,15,,17,2
,,28,"Zimbabwe",1,0,15,,17,2
,,28,"Zimbabwe",0,0,15,,17,2
,,28,"Zimbabwe",,1,0,,17,2
,,28,"Zimbabwe",,1,13,,17,2
,,28,"Zimbabwe",,1,13,,17,2
,,28,"Zimbabwe",6,0,15,,17,2
,,28,"Zimbabwe",,1,6,,17,2
,,28,"Zimbabwe",5,0,15,,17,2
,,28,"Zimbabwe",,1,6,,17,2
,,28,"Zimbabwe",6,0,15,,17,2
,,28,"Zimbabwe",2,0,15,,17,2
,,28,"Zimbabwe",1,0,15,,17,2
,,28,"Zimbabwe",1,0,15,,17,2
,,28,"Zimbabwe",,1,1,,17,2
,,28,"Zimbabwe",,1,5,,17,2
,,28,"Zimbabwe",5,0,15,,17,2
,,28,"Zimbabwe",2,0,15,,17,2
,,28,"Zimbabwe",6,0,15,,17,2
,,28,"Zimbabwe",1,0,15,,17,2
,,28,"Zimbabwe",2,0,15,,17,2
,,28,"Zimbabwe",8,0,15,,17,2
,,28,"Zimbabwe",,1,9,,17,2
,,28,"Zimbabwe",,1,8,,17,2
,,28,"Corsica",2,0,15,,18,3
,,28,"Corsica",2,0,15,,18,3
,,28,"Corsica",1,0,15,,18,3
,,28,"Corsica",2,0,15,,18,3
,,28,"Corsica",11,0,15,,18,3
,,28,"Corsica",,1,11,,18,3
,,28,"Corsica",4,0,15,,18,3
,,28,"Corsica",9,0,15,,18,3
,,28,"Corsica",9,0,15,,18,3
,,28,"Corsica",8,0,15,,18,3
,,28,"Corsica",,1,8,,18,3
,,28,"Corsica",1,0,15,,18,3
,,28,"Corsica",6,0,15,,18,3
,,28,"Corsica",,1,11,,18,3
,,28,"Corsica",10,0,15,,18,3
,,28,"Corsica",2,0,15,,18,3
,,28,"Corsica",,1,9,,18,3
,,28,"Corsica",9,0,15,,18,3
,,28,"Corsica",,1,12,,18,3
,,28,"Corsica",12,0,15,,18,3
,,28,"Corsica",0,0,15,,18,3
,,28,"Corsica",,1,0,,18,3
,,28,"Corsica",0,0,15,,18,3
,,28,"Corsica",12,0,15,,18,3
,,28,"Corsica",12,0,15,,18,3
,,28,"Corsica",,1,12,,18,3
,,28,"Corsica",1,0,15,,18,3
,,28,"Corsica",,1,5,,18,3
,,28,"Corsica",5,0,15,,18,3
,,28,"Corsica",8,0,15,,18,3
,,28,"Corsica",8,0,15,,18,3
,,28,"Corsica",0,0,15,,18,3
,,28,"Corsica",5,0,15,,18,3
,,28,"Corsica",,1,5,,18,3
,,28,"Corsica",1,0,15,,18,3
,,28,"Corsica",2,0,15,,18,3
,,28,"Corsica",,1,2,,18,3
,,28,"Corsica",0,0,15,,18,3
,,28,"Corsica",2,0,15,,18,3
,,28,"Corsica",,1,2,,18,3
,,28,"Corsica",7,0,15,,18,3
,,28,"Corsica",9,0,15,,18,3
,,28,"Corsica",,1,9,,18,3
,,28,"Corsica",0,0,15,,18,3
,,28,"Corsica",0,0,15,,18,3
,,28,"Corsica",,1,0,,18,3
,,28,"Corsica",2,0,15,,18,3
,,28,"Corsica",,1,2,,18,3
,,28,"Corsica",3,0,15,,18,3
,,28,"Corsica",,1,13,,18,3
,,28,"Corsica",,1,13,,18,3
,,28,"Corsica",9,0,15,,18,3
,,28,"Corsica",,1,3,,18,3
,,28,"Corsica",,1,1,,18,3
,,28,"Corsica",3,0,15,,18,3
,,28,"Corsica",0,0,15,,18,3
,,28,"Corsica",2,0,15,,18,3
,,28,"Corsica",2,0,15,,18,3
,,28,"Corsica",2,0,15,,18,3
,,28,"Corsica",,1,3,,18,3
,,28,"Corsica",,1,4,,18,3
,,28,"Corsica",,1,1,,18,3
,,28,"Corsica",0,0,15,,18,3
,,28,"Corsica",1,0,15,,18,3
,,28,"Corsica",5,0,15,,18,3
,,28,"Corsica",5,0,15,,18,3
,,28,"Corsica",,1,2,,18,3
,,28,"Corsica",,1,2,,18,3
,,28,"Corsica",1,0,15,,18,3
,,28,"Corsica",2,0,15,,18,3
,,28,"Corsica",1,0,15,,18,3
,,28,"Corsica",4,0,15,,18,3
,,28,"Corsica",,1,4,,18,3
,,28,"Corsica",,1,1,,18,3
,,28,"Corsica",4,0,15,,18,3
,,28,"Corsica",4,0,15,,18,3
,,28,"Corsica",,1,0,,18,3
,,28,"Corsica",,1,6,,18,3
,,28,"Corsica",6,0,15,,18,3
,,32,"Senegal",0,0,15,,19,1
,,32,"Senegal",,1,0,,19,1
,,32,"Senegal",0,0,15,,19,1
,,32,"Senegal",0,0,15,,19,1
,,32,"Senegal",0,0,15,,19,1
,,32,"Senegal",0,0,15,,19,1
,,32,"Senegal",,1,0,,19,1
,,32,"Senegal",1,0,15,,19,1
,,32,"Senegal",1,0,15,,19,1
,,32,"Senegal",1,0,15,,19,1
,,32,"Senegal",0,0,15,,19,1
,,32,"Senegal",0,0,15,,19,1
,,32,"Senegal",0,0,15,,19,1
,,32,"Senegal",1,0,15,,19,1
,,32,"Senegal",1,0,15,,19,1
,,32,"Senegal",0,0,15,,19,1
,,32,"Senegal",1,0,15,,19,1
,,32,"Senegal",1,0,15,,19,1
,,32,"Senegal",0,0,15,,19,1
,,32,"Senegal",1,0,15,,19,1
,,32,"Senegal",1,0,15,,19,1
,,32,"Senegal",1,0,15,,19,1
,,32,"Senegal",,1,1,,19,1
,,32,"Senegal",1,0,15,,19,1
,,32,"Senegal",0,0,15,,19,1
,,32,"Senegal",1,0,15,,19,1
,,32,"Senegal",0,0,15,,19,1
,,32,"Senegal",,1,0,,19,1
,,32,"Senegal",0,0,15,,19,1
,,32,"Senegal",0,0,15,,19,1
,,32,"Senegal",0,0,15,,19,1
,,32,"Senegal",1,0,15,,19,1
,,32,"Senegal",1,0,15,,19,1
,,32,"Senegal",1,0,15,,19,1
,,32,"Senegal",1,0,15,,19,1
,,32,"Senegal",1,0,15,,19,1
,,32,"Senegal",0,0,15,,19,1
,,32,"Senegal",0,0,15,,19,1
,,32,"Senegal",0,0,15,,19,1
,,32,"Senegal",,1,0,,19,1
,,32,"Senegal",0,0,15,,19,1
,,32,"Senegal",0,0,15,,19,1
,,32,"Senegal",1,0,15,,19,1
,,32,"Senegal",,1,1,,19,1
,,32,"Senegal",0,0,15,,19,1
,,32,"Senegal",0,0,15,,19,1
,,32,"Senegal",0,0,15,,19,1
,,32,"Senegal",0,0,15,,19,1
,,32,"Senegal",,1,0,,19,1
,,32,"Senegal",0,0,15,,19,1
,,32,"Senegal",,1,0,,19,1
,,32,"Senegal",0,0,15,,19,1
,,32,"Senegal",0,0,15,,19,1
,,32,"Senegal",1,0,15,,19,1
,,32,"Senegal",,1,1,,19,1
,,32,"Senegal",1,0,15,,19,1
,,32,"Senegal",0,0,15,,19,1
,,32,"Senegal",0,0,15,,19,1
,,32,"Senegal",0,0,15,,19,1
,,32,"Senegal",0,0,15,,19,1
,,32,"Senegal",0,0,15,,19,1
,,32,"Senegal",0,0,15,,19,1
,,32,"Senegal",0,0,15,,19,1
,,32,"Senegal",0,0,15,,19,1
,,32,"Senegal",,1,0,,19,1
,,32,"Senegal",0,0,15,,19,1
,,32,"Senegal",0,0,15,,19,1
,,32,"Senegal",0,0,15,,19,1
,,32,"Senegal",0,0,15,,19,1
,,32,"Senegal",0,0,15,,19,1
,,32,"Senegal",0,0,15,,19,1
,,32,"Senegal",0,0,15,,19,1
,,32,"Senegal",0,0,15,,19,1
,,32,"Senegal",0,0,15,,19,1
,,32,"Senegal",0,0,15,,19,1
,,32,"Senegal",0,0,15,,19,1
,,32,"Senegal",0,0,15,,19,1
,,32,"Senegal",0,0,15,,19,1
,,32,"Senegal",0,0,15,,19,1
,,32,"Senegal",0,0,15,,19,1
,,32,"Senegal",0,0,15,,19,1
,,32,"Senegal",0,0,15,,19,1
,,32,"Senegal",0,0,15,,19,1
,,32,"Senegal",0,0,15,,19,1
,,32,"Senegal",0,0,15,,19,1
,,32,"Senegal",0,0,15,,19,1
,,32,"Senegal",0,0,15,,19,1
,,32,"Senegal",0,0,15,,19,1
,,32,"Senegal",0,0,15,,19,1
,,32,"Senegal",0,0,15,,19,1
,,32,"Senegal",,1,0,,19,1
,,32,"Senegal",,1,0,,19,1
,,32,"Senegal",0,0,15,,19,1
,,32,"Senegal",0,0,15,,19,1
,,32,"Senegal",,1,-1,,19,1
,,32,"Senegal",0,0,15,,19,1
,,32,"Senegal",0,0,15,,19,1
,,32,"Senegal",0,0,15,,19,1
,,32,"Senegal",0,0,15,,19,1
,,32,"Senegal",0,0,15,,19,1
,,32,"Senegal",,1,0,,19,1
,,32,"Senegal",0,0,15,,19,1
,,32,"Senegal",,1,0,,19,1
,,32,"Senegal",,1,0,,19,1
,,32,"Senegal",0,0,15,,19,1
,,32,"Senegal",,1,-1,,19,1
,,32,"Senegal",0,0,15,,19,1
,,32,"Senegal",0,0,15,,19,1
,,32,"Senegal",0,0,15,,19,1
,,32,"Senegal",,1,0,,19,1
,,32,"Senegal",,1,0,,19,1
,,32,"Senegal",0,0,15,,19,1
,,32,"Senegal",0,0,15,,19,1
,,32,"Senegal",,1,0,,19,1
,,32,"Senegal",0,0,15,,19,1
,,32,"Senegal",0,0,15,,19,1
,,32,"Senegal",0,0,15,,19,1
,,32,"Senegal",0,0,15,,19,1
,,32,"Senegal",0,0,15,,19,1
,,32,"Senegal",,1,0,,19,1
,,32,"Senegal",0,0,15,,19,1
,,32,"Senegal",,1,0,,19,1
,,32,"Senegal",0,0,15,,19,1
,,32,"Senegal",0,0,15,,19,1
,,32,"Senegal",,1,0,,19,1
,,32,"Senegal",0,0,15,,19,1
,,32,"Senegal",0,0,15,,19,1
,,32,"Zimbabwe",,1,0,,20,2
,,32,"Zimbabwe",0,0,15,,20,2
,,32,"Zimbabwe",0,0,15,,20,2
,,32,"Zimbabwe",0,0,15,,20,2
,,32,"Zimbabwe",0,0,15,,20,2
,,32,"Zimbabwe",0,0,15,,20,2
,,32,"Zimbabwe",0,0,15,,20,2
,,32,"Zimbabwe",,1,0,,20,2
,,32,"Zimbabwe",0,0,15,,20,2
,,32,"Zimbabwe",0,0,15,,20,2
,,32,"Zimbabwe",0,0,15,,20,2
,,32,"Zimbabwe",1,0,15,,20,2
,,32,"Zimbabwe",0,0,15,,20,2
,,32,"Zimbabwe",1,0,15,,20,2
,,32,"Zimbabwe",1,0,15,,20,2
,,32,"Zimbabwe",0,0,15,,20,2
,,32,"Zimbabwe",0,0,15,,20,2
,,32,"Zimbabwe",0,0,15,,20,2
,,32,"Zimbabwe",,1,0,,20,2
,,32,"Zimbabwe",0,0,15,,20,2
,,32,"Zimbabwe",1,0,15,,20,2
,,32,"Zimbabwe",0,0,15,,20,2
,,32,"Zimbabwe",,1,1,,20,2
,,32,"Zimbabwe",0,0,15,,20,2
,,32,"Zimbabwe",,1,-1,,20,2
,,32,"Zimbabwe",0,0,15,,20,2
,,32,"Zimbabwe",0,0,15,,20,2
,,32,"Zimbabwe",0,0,15,,20,2
,,32,"Zimbabwe",0,0,15,,20,2
,,32,"Zimbabwe",0,0,15,,20,2
,,32,"Zimbabwe",,1,0,,20,2
,,32,"Zimbabwe",0,0,15,,20,2
,,32,"Zimbabwe",0,0,15,,20,2
,,32,"Zimbabwe",0,0,15,,20,2
,,32,"Zimbabwe",0,0,15,,20,2
,,32,"Zimbabwe",0,0,15,,20,2
,,32,"Zimbabwe",0,0,15,,20,2
,,32,"Zimbabwe",,1,0,,20,2
,,32,"Zimbabwe",0,0,15,,20,2
,,32,"Zimbabwe",0,0,15,,20,2
,,32,"Zimbabwe",0,0,15,,20,2
,,32,"Zimbabwe",0,0,15,,20,2
,,32,"Zimbabwe",0,0,15,,20,2
,,32,"Zimbabwe",0,0,15,,20,2
,,32,"Zimbabwe",0,0,15,,20,2
,,32,"Zimbabwe",0,0,15,,20,2
,,32,"Zimbabwe",0,0,15,,20,2
,,32,"Zimbabwe",0,0,15,,20,2
,,32,"Zimbabwe",0,0,15,,20,2
,,32,"Zimbabwe",0,0,15,,20,2
,,32,"Zimbabwe",0,0,15,,20,2
,,32,"Zimbabwe",0,0,15,,20,2
,,32,"Zimbabwe",0,0,15,,20,2
,,32,"Zimbabwe",0,0,15,,20,2
,,32,"Zimbabwe",0,0,15,,20,2
,,32,"Zimbabwe",0,0,15,,20,2
,,32,"Zimbabwe",0,0,15,,20,2
,,32,"Zimbabwe",0,0,15,,20,2
,,32,"Zimbabwe",0,0,15,,20,2
,,32,"Zimbabwe",0,0,15,,20,2
,,32,"Zimbabwe",0,0,15,,20,2
,,32,"Zimbabwe",0,0,15,,20,2
,,32,"Zimbabwe",0,0,15,,20,2
,,32,"Zimbabwe",0,0,15,,20,2
,,32,"Zimbabwe",0,0,15,,20,2
,,32,"Zimbabwe",0,0,15,,20,2
,,32,"Zimbabwe",0,0,15,,20,2
,,32,"Zimbabwe",0,0,15,,20,2
,,32,"Zimbabwe",0,0,15,,20,2
,,32,"Zimbabwe",0,0,15,,20,2
,,32,"Zimbabwe",0,0,15,,20,2
,,32,"Zimbabwe",0,0,15,,20,2
,,32,"Zimbabwe",0,0,15,,20,2
,,32,"Zimbabwe",0,0,15,,20,2
,,32,"Zimbabwe",,1,0,,20,2
,,32,"Zimbabwe",0,0,15,,20,2
,,32,"Zimbabwe",,1,0,,20,2
,,32,"Zimbabwe",,1,0,,20,2
,,32,"Zimbabwe",0,0,15,,20,2
,,32,"Zimbabwe",0,0,15,,20,2
,,32,"Zimbabwe",0,0,15,,20,2
,,32,"Zimbabwe",0,0,15,,20,2
,,32,"Zimbabwe",0,0,15,,20,2
,,32,"Zimbabwe",0,0,15,,20,2
,,32,"Zimbabwe",0,0,15,,20,2
,,32,"Zimbabwe",0,0,15,,20,2
,,32,"Zimbabwe",0,0,15,,20,2
,,32,"Zimbabwe",0,0,15,,20,2
,,32,"Zimbabwe",0,0,15,,20,2
,,32,"Zimbabwe",0,0,15,,20,2
,,32,"Zimbabwe",0,0,15,,20,2
,,32,"Corsica",1,0,15,,21,3
,,32,"Corsica",1,0,15,,21,3
,,32,"Corsica",1,0,15,,21,3
,,32,"Corsica",1,0,15,,21,3
,,32,"Corsica",0,0,15,,21,3
,,32,"Corsica",0,0,15,,21,3
,,32,"Corsica",0,0,15,,21,3
,,32,"Corsica",0,0,15,,21,3
,,32,"Corsica",0,0,15,,21,3
,,32,"Corsica",0,0,15,,21,3
,,32,"Corsica",,1,0,,21,3
,,32,"Corsica",0,0,15,,21,3
,,32,"Corsica",1,0,15,,21,3
,,32,"Corsica",1,0,15,,21,3
,,32,"Corsica",0,0,15,,21,3
,,32,"Corsica",0,0,15,,21,3
,,32,"Corsica",0,0,15,,21,3
,,32,"Corsica",0,0,15,,21,3
,,32,"Corsica",0,0,15,,21,3
,,32,"Corsica",,1,0,,21,3
,,32,"Corsica",0,0,15,,21,3
,,32,"Corsica",,1,0,,21,3
,,32,"Corsica",0,0,15,,21,3
,,32,"Corsica",0,0,15,,21,3
,,32,"Corsica",1,0,15,,21,3
,,32,"Corsica",1,0,15,,21,3
,,32,"Corsica",0,0,15,,21,3
,,32,"Corsica",0,0,15,,21,3
,,32,"Corsica",0,0,15,,21,3
,,32,"Corsica",0,0,15,,21,3
,,32,"Corsica",0,0,15,,21,3
,,32,"Corsica",0,0,15,,21,3
,,32,"Corsica",0,0,15,,21,3
,,32,"Corsica",1,0,15,,21,3
,,32,"Corsica",0,0,15,,21,3
,,32,"Corsica",1,0,15,,21,3
,,32,"Corsica",0,0,15,,21,3
,,32,"Corsica",0,0,15,,21,3
,,32,"Corsica",0,0,15,,21,3
,,32,"Corsica",0,0,15,,21,3
,,32,"Corsica",1,0,15,,21,3
,,32,"Corsica",1,0,15,,21,3
,,32,"Corsica",1,0,15,,21,3
,,32,"Corsica",1,0,15,,21,3
,,32,"Corsica",0,0,15,,21,3
,,32,"Corsica",0,0,15,,21,3
,,32,"Corsica",0,0,15,,21,3
,,32,"Corsica",,1,0,,21,3
,,32,"Corsica",0,0,15,,21,3
,,32,"Corsica",,1,1,,21,3
,,32,"Corsica",1,0,15,,21,3
,,32,"Corsica",1,0,15,,21,3
,,32,"Corsica",0,0,15,,21,3
,,32,"Corsica",0,0,15,,21,3
,,32,"Corsica",,1,0,,21,3
,,32,"Corsica",0,0,15,,21,3
,,32,"Corsica",1,0,15,,21,3
,,32,"Corsica",1,0,15,,21,3
,,32,"Corsica",,1,1,,21,3
,,32,"Corsica",,1,1,,21,3
,,32,"Corsica",0,0,15,,21,3
,,32,"Corsica",0,0,15,,21,3
,,32,"Corsica",0,0,15,,21,3
,,32,"Corsica",0,0,15,,21,3
,,32,"Corsica",0,0,15,,21,3
,,32,"Corsica",0,0,15,,21,3
,,32,"Corsica",0,0,15,,21,3
,,32,"Corsica",0,0,15,,21,3
,,32,"Corsica",0,0,15,,21,3
,,32,"Corsica",0,0,15,,21,3
,,32,"Corsica",0,0,15,,21,3
,,32,"Corsica",0,0,15,,21,3
,,32,"Corsica",0,0,15,,21,3
,,32,"Corsica",0,0,15,,21,3
,,32,"Corsica",0,0,15,,21,3
,,32,"Corsica",0,0,15,,21,3
,,32,"Corsica",,1,-1,,21,3
,,32,"Corsica",0,0,15,,21,3
,,32,"Corsica",0,0,15,,21,3
,,32,"Corsica",0,0,15,,21,3
,,32,"Corsica",0,0,15,,21,3
,,32,"Corsica",0,0,15,,21,3
,,32,"Corsica",0,0,15,,21,3
,,32,"Corsica",0,0,15,,21,3
,,32,"Corsica",0,0,15,,21,3
,,32,"Corsica",,1,0,,21,3
,,32,"Corsica",0,0,15,,21,3
,,32,"Corsica",0,0,15,,21,3
,,32,"Corsica",,1,0,,21,3
,,32,"Corsica",0,0,15,,21,3
,,32,"Corsica",0,0,15,,21,3
,,32,"Corsica",,1,0,,21,3
,,32,"Corsica",0,0,15,,21,3
,,32,"Corsica",0,0,15,,21,3
,,32,"Corsica",0,0,15,,21,3
,,32,"Corsica",,1,0,,21,3
,,32,"Corsica",,1,0,,21,3
,,32,"Corsica",0,0,15,,21,3
,,32,"Corsica",,1,0,,21,3
,,32,"Corsica",,1,0,,21,3
,,32,"Corsica",0,0,15,,21,3
,,32,"Corsica",0,0,15,,21,3
,,32,"Corsica",0,0,15,,21,3
,,32,"Corsica",0,0,15,,21,3
,,36,"Senegal",0,0,15,,22,1
,,36,"Senegal",0,0,15,,22,1
,,36,"Senegal",0,0,15,,22,1
,,36,"Senegal",0,0,15,,22,1
,,36,"Senegal",0,0,15,,22,1
,,36,"Senegal",0,0,15,,22,1
,,36,"Senegal",0,0,15,,22,1
,,36,"Senegal",0,0,15,,22,1
,,36,"Senegal",0,0,15,,22,1
,,36,"Senegal",0,0,15,,22,1
,,36,"Senegal",0,0,15,,22,1
,,36,"Senegal",0,0,15,,22,1
,,36,"Senegal",0,0,15,,22,1
,,36,"Senegal",0,0,15,,22,1
,,36,"Senegal",0,0,15,,22,1
,,36,"Senegal",0,0,15,,22,1
,,36,"Senegal",0,0,15,,22,1
,,36,"Senegal",0,0,15,,22,1
,,36,"Senegal",0,0,15,,22,1
,,36,"Senegal",0,0,15,,22,1
,,36,"Senegal",0,0,15,,22,1
,,36,"Senegal",0,0,15,,22,1
,,36,"Senegal",0,0,15,,22,1
,,36,"Senegal",0,0,15,,22,1
,,36,"Senegal",0,0,15,,22,1
,,36,"Senegal",0,0,15,,22,1
,,36,"Senegal",0,0,15,,22,1
,,36,"Senegal",0,0,15,,22,1
,,36,"Senegal",0,0,15,,22,1
,,36,"Senegal",0,0,15,,22,1
,,36,"Senegal",0,0,15,,22,1
,,36,"Senegal",0,0,15,,22,1
,,36,"Senegal",0,0,15,,22,1
,,36,"Senegal",0,0,15,,22,1
,,36,"Senegal",0,0,15,,22,1
,,36,"Senegal",0,0,15,,22,1
,,36,"Senegal",0,0,15,,22,1
,,36,"Senegal",0,0,15,,22,1
,,36,"Senegal",0,0,15,,22,1
,,36,"Senegal",0,0,15,,22,1
,,36,"Senegal",0,0,15,,22,1
,,36,"Senegal",0,0,15,,22,1
,,36,"Senegal",0,0,15,,22,1
,,36,"Senegal",0,0,15,,22,1
,,36,"Senegal",0,0,15,,22,1
,,36,"Senegal",0,0,15,,22,1
,,36,"Senegal",0,0,15,,22,1
,,36,"Senegal",0,0,15,,22,1
,,36,"Senegal",0,0,15,,22,1
,,36,"Senegal",0,0,15,,22,1
,,36,"Senegal",0,0,15,,22,1
,,36,"Senegal",0,0,15,,22,1
,,36,"Senegal",0,0,15,,22,1
,,36,"Senegal",0,0,15,,22,1
,,36,"Senegal",0,0,15,,22,1
,,36,"Senegal",0,0,15,,22,1
,,36,"Senegal",0,0,15,,22,1
,,36,"Senegal",0,0,15,,22,1
,,36,"Senegal",0,0,15,,22,1
,,36,"Senegal",0,0,15,,22,1
,,36,"Senegal",0,0,15,,22,1
,,36,"Senegal",0,0,15,,22,1
,,36,"Senegal",0,0,15,,22,1
,,36,"Senegal",0,0,15,,22,1
,,36,"Senegal",0,0,15,,22,1
,,36,"Senegal",0,0,15,,22,1
,,36,"Senegal",0,0,15,,22,1
,,36,"Senegal",0,0,15,,22,1
,,36,"Senegal",0,0,15,,22,1
,,36,"Senegal",0,0,15,,22,1
,,36,"Senegal",0,0,15,,22,1
,,36,"Senegal",0,0,15,,22,1
,,36,"Senegal",0,0,15,,22,1
,,36,"Zimbabwe",0,0,15,,23,2
,,36,"Zimbabwe",0,0,15,,23,2
,,36,"Zimbabwe",0,0,15,,23,2
,,36,"Zimbabwe",0,0,15,,23,2
,,36,"Zimbabwe",0,0,15,,23,2
,,36,"Zimbabwe",0,0,15,,23,2
,,36,"Zimbabwe",0,0,15,,23,2
,,36,"Zimbabwe",0,0,15,,23,2
,,36,"Zimbabwe",0,0,15,,23,2
,,36,"Zimbabwe",0,0,15,,23,2
,,36,"Zimbabwe",0,0,15,,23,2
,,36,"Zimbabwe",0,0,15,,23,2
,,36,"Zimbabwe",0,0,15,,23,2
,,36,"Zimbabwe",0,0,15,,23,2
,,36,"Zimbabwe",0,0,15,,23,2
,,36,"Zimbabwe",0,0,15,,23,2
,,36,"Zimbabwe",0,0,15,,23,2
,,36,"Zimbabwe",0,0,15,,23,2
,,36,"Zimbabwe",0,0,15,,23,2
,,36,"Zimbabwe",0,0,15,,23,2
,,36,"Zimbabwe",0,0,15,,23,2
,,36,"Zimbabwe",0,0,15,,23,2
,,36,"Zimbabwe",0,0,15,,23,2
,,36,"Zimbabwe",0,0,15,,23,2
,,36,"Zimbabwe",0,0,15,,23,2
,,36,"Zimbabwe",0,0,15,,23,2
,,36,"Zimbabwe",0,0,15,,23,2
,,36,"Zimbabwe",0,0,15,,23,2
,,36,"Zimbabwe",0,0,15,,23,2
,,36,"Zimbabwe",0,0,15,,23,2
,,36,"Zimbabwe",0,0,15,,23,2
,,36,"Zimbabwe",0,0,15,,23,2
,,36,"Zimbabwe",0,0,15,,23,2
,,36,"Zimbabwe",0,0,15,,23,2
,,36,"Zimbabwe",0,0,15,,23,2
,,36,"Zimbabwe",0,0,15,,23,2
,,36,"Zimbabwe",0,0,15,,23,2
,,36,"Zimbabwe",0,0,15,,23,2
,,36,"Zimbabwe",0,0,15,,23,2
,,36,"Zimbabwe",0,0,15,,23,2
,,36,"Zimbabwe",0,0,15,,23,2
,,36,"Zimbabwe",0,0,15,,23,2
,,36,"Zimbabwe",0,0,15,,23,2
,,36,"Zimbabwe",0,0,15,,23,2
,,36,"Zimbabwe",0,0,15,,23,2
,,36,"Zimbabwe",0,0,15,,23,2
,,36,"Zimbabwe",0,0,15,,23,2
,,36,"Zimbabwe",0,0,15,,23,2
,,36,"Zimbabwe",0,0,15,,23,2
,,36,"Zimbabwe",0,0,15,,23,2
,,36,"Corsica",0,0,15,,24,3
,,36,"Corsica",0,0,15,,24,3
,,36,"Corsica",0,0,15,,24,3
,,36,"Corsica",0,0,15,,24,3
,,36,"Corsica",0,0,15,,24,3
,,36,"Corsica",0,0,15,,24,3
,,36,"Corsica",0,0,15,,24,3
,,36,"Corsica",0,0,15,,24,3
,,36,"Corsica",0,0,15,,24,3
,,36,"Corsica",0,0,15,,24,3
,,36,"Corsica",0,0,15,,24,3
,,36,"Corsica",0,0,15,,24,3
,,36,"Corsica",0,0,15,,24,3
,,36,"Corsica",0,0,15,,24,3
,,36,"Corsica",0,0,15,,24,3
,,36,"Corsica",0,0,15,,24,3
,,36,"Corsica",0,0,15,,24,3
,,36,"Corsica",0,0,15,,24,3
,,36,"Corsica",0,0,15,,24,3
,,36,"Corsica",0,0,15,,24,3
,,36,"Corsica",0,0,15,,24,3
,,36,"Corsica",0,0,15,,24,3
,,36,"Corsica",0,0,15,,24,3
,,36,"Corsica",0,0,15,,24,3
,,36,"Corsica",0,0,15,,24,3
,,36,"Corsica",0,0,15,,24,3
,,36,"Corsica",0,0,15,,24,3
,,36,"Corsica",0,0,15,,24,3
,,36,"Corsica",0,0,15,,24,3
,,36,"Corsica",0,0,15,,24,3
,,36,"Corsica",0,0,15,,24,3
,,36,"Corsica",0,0,15,,24,3
,,36,"Corsica",0,0,15,,24,3
,,36,"Corsica",0,0,15,,24,3
,,36,"Corsica",0,0,15,,24,3
,,36,"Corsica",0,0,15,,24,3
,,36,"Corsica",0,0,15,,24,3
,,36,"Corsica",0,0,15,,24,3
,,36,"Corsica",0,0,15,,24,3
,,36,"Corsica",0,0,15,,24,3
,,36,"Corsica",0,0,15,,24,3
,,36,"Corsica",0,0,15,,24,3
,,36,"Corsica",0,0,15,,24,3
,,36,"Corsica",0,0,15,,24,3
,,36,"Corsica",0,0,15,,24,3
,,36,"Corsica",0,0,15,,24,3
,,36,"Corsica",0,0,15,,24,3
,,36,"Corsica",0,0,15,,24,3
,,36,"Corsica",0,0,15,,24,3
,,36,"Corsica",0,0,15,,24,3
,,36,"Corsica",0,0,15,,24,3
,,36,"Corsica",0,0,15,,24,3
,,36,"Corsica",0,0,15,,24,3
,,36,"Corsica",0,0,15,,24,3
"Bayomy","""",10,,,6,4,10,25,4
"Bayomy","""",15,,,10,4,10,26,4
"Bayomy","""",25,,,10,4,10,27,4
"Bayomy","""",30,,,9,4,10,28,4
"El-Emam and Madsen","""",10,,,15,16,20,29,5
"El-Emam and Madsen","""",18,,,12,16,20,30,5
"El-Emam and Madsen","""",26,,,14,16,20,31,5
"El-Emam and Madsen","""",28,,,12,16,20,32,5
"El-Emam and Madsen","""",33,,,0,4,20,33,5
"Diakite_n","""",26,,,49,"8",50,34,6
"Diakite_s","""",26,,,38,"8",50,35,7
