"ID","Species","authors_gbifID","year_of_publication","country_of_collection","locallity_of_collection","y","x","coordinate_source","year_of_collection","identification_method"
1,"target_group","own collection",NA,"Zimbabwe","Malilangwe",-21.048445,31.874889,"GPS","2021","morphology"
2,"target_group","own collection",NA,"Senegal","Pakh",16.401759,-15.807579,"GPS","2021","morphology"
3,"target_group","1057401088",NA,"Cameroon","Lake Oku. Lake Oku. Northwest Region. Cameroon. Africa",6.20148,10.45962,"gbif","2008","unknown"
4,"target_group","1807204207",NA,"Kenya","Anyanga Beach",-0.05364,34.05149,"gbif","2017","unknown"
5,"target_group","1826359009",NA,"Angola","Kwanza Norte; N'Dalatando. N'Dalatando",-9.28576,14.92582,"gbif","2013","unknown"
6,"target_group","1826359038",NA,"Gabon","Lambarene. Lambarene",-0.704028,10.21925,"gbif","2013","unknown"
7,"target_group","1826359046",NA,"Gabon","Lac Zile. Lac Zile",-0.712056,10.338806,"gbif","2013","unknown"
8,"target_group","1826359095",NA,"Nigeria","Akwanga. Akwanga",8.93077,8.48252,"gbif","2013","unknown"
9,"target_group","1826359111",NA,"Gabon","Lambarene. Lambarene",-0.669861,10.216167,"gbif","2013","unknown"
10,"target_group","1826359164",NA,"Niger","Libore. Libore",13.40417,2.18802,"gbif","2007","unknown"
11,"target_group","1826359179",NA,"Angola","Luanda; Candimba",-9.53437,13.96911,"gbif","2013","unknown"
12,"target_group","1826359186",NA,"Niger","Libore. Libore",13.38805,2.19913,"gbif","2008","unknown"
13,"target_group","1826359193",NA,"Gabon","Lac Zile. Lac Zile",-0.816,10.367944,"gbif","2013","unknown"
14,"target_group","1826359197",NA,"Côte d'Ivoire","Allokokro. Allokokro",7.726883,-5.085033,"gbif","2016","unknown"
15,"target_group","1826359214",NA,"Gabon","Lac Zile. Lac Zile",-0.713389,10.327389,"gbif","2013","unknown"
16,"target_group","1826359229",NA,"Gabon","Lambarene. Lambarene",-0.676111,10.212111,"gbif","2013","unknown"
17,"target_group","1826359230",NA,"Niger","Libore. Libore",13.39452,2.19297,"gbif","2007","unknown"
18,"target_group","1826359231",NA,"Niger","Tabalak. Tabalak",15.08695,5.652383,"gbif","2008","unknown"
19,"target_group","1826359235",NA,"Chad","N'Djamena. N'Djamena",12.067777,15.083306,"gbif","2013","unknown"
20,"target_group","1826359259",NA,"Chad","N'Djamena. N'Djamena",12.10425,15.10553,"gbif","2013","unknown"
21,"target_group","1826359281",NA,"Niger","Libore. Libore",13.4034,2.18862,"gbif","2008","unknown"
22,"target_group","1826359290",NA,"Niger","Libore. Libore",13.40273,2.18918,"gbif","2008","unknown"
23,"target_group","1826359294",NA,"Niger","Falmado. Falmado",12.5138,2.8611,"gbif","2007","unknown"
24,"target_group","1826359300",NA,"Niger","Libore. Libore",13.40304,2.18897,"gbif","2008","unknown"
25,"target_group","1826359325",NA,"Gabon","Lac Zile. Lac Zile",-0.711083,10.336639,"gbif","2013","unknown"
26,"target_group","1826359341",NA,"Niger","Sabon birini. Sabon birini",11.88385,3.59073,"gbif","2009","unknown"
27,"target_group","1826359374",NA,"Chad","N'Djamena. N'Djamena",12.15808,15.081,"gbif","2013","unknown"
28,"target_group","1826359402",NA,"Niger","Seberi. Seberi",13.29699,2.33337,"gbif","2008","unknown"
29,"target_group","1826359424",NA,"Niger","Rouafi. Rouafi",14.375667,5.174167,"gbif","2008","unknown"
30,"target_group","1826359448",NA,"Niger","Libore. Libore",13.39008,2.19711,"gbif","2009","unknown"
31,"target_group","1826359457",NA,"Chad","N'Djamena. N'Djamena",12.067278,15.080222,"gbif","2013","unknown"
32,"target_group","1826359459",NA,"Niger","Seberi. Seberi",13.306402,2.349196,"gbif","2008","unknown"
33,"target_group","1826359504",NA,"Chad","N'Djamena. N'Djamena",12.11047,15.09958,"gbif","2013","unknown"
34,"target_group","1826359525",NA,"Niger","Tillaberi; Saga fondo",13.58328,1.96177,"gbif","2009","unknown"
35,"target_group","1826359557",NA,"Nigeria","Awe. Awe",8.13356,9.13849,"gbif","2013","unknown"
36,"target_group","1826359567",NA,"Niger","Tillaberi; Diambala. Diambala",14.30949,1.28911,"gbif","2011","unknown"
37,"target_group","1826359593",NA,"Niger","Tillaberi; Namari Goungou. Namari Goungou",14.34843,1.24819,"gbif","2011","unknown"
38,"target_group","1826359617",NA,"Niger","Kollo; Youri. Youri",13.33866,2.24118,"gbif","2011","unknown"
39,"target_group","1826359624",NA,"Niger","Kollo; Tokeye. Tokeye",13.19224,2.36141,"gbif","2011","unknown"
40,"target_group","1826359632",NA,"Niger","Seberi. Seberi",13.31313,2.32354,"gbif","2011","unknown"
41,"target_group","1826359641",NA,"Niger","Tillaberi; Diambala. Diambala",14.31055,1.28587,"gbif","2011","unknown"
42,"target_group","1826359649",NA,"Niger","Doguel Kaina. Doguel Kaina",13.28931,2.32526,"gbif","2011","unknown"
43,"target_group","1826359650",NA,"Niger","Tillaberi; Namari Goungou. Namari Goungou",14.34818,1.25013,"gbif","2011","unknown"
44,"target_group","1826359653",NA,"Niger","Kohan. Kohan",13.31996,2.29661,"gbif","2011","unknown"
45,"target_group","1826359662",NA,"Niger","Say. Say",13.09918,2.35073,"gbif","2011","unknown"
46,"target_group","1826359665",NA,"Niger","Tillaberi; Namari Goungou. Namari Goungou",14.34615,1.24468,"gbif","2009","unknown"
47,"target_group","1826359674",NA,"Niger","Tillaberi; Namari Goungou. Namari Goungou",14.34942,1.24808,"gbif","2011","unknown"
48,"target_group","1826359676",NA,"Niger","Namaro. Namaro",13.70943,1.69807,"gbif","2011","unknown"
49,"target_group","1826359678",NA,"Niger","Kollo; Youri. Youri",13.33507,2.24781,"gbif","2011","unknown"
50,"target_group","1826359679",NA,"Niger","Seberi. Seberi",13.29359,2.34353,"gbif","2011","unknown"
51,"target_group","1826359683",NA,"Niger","Tillaberi; Diambala. Diambala",14.30968,1.29359,"gbif","2011","unknown"
52,"target_group","1826359689",NA,"Niger","Say; Koutoukale|Nearest Named Place: Koutoukaley Zeno",13.6862,1.74518,"gbif","2012","unknown"
53,"target_group","1826359695",NA,"Niger","Kollo; Tokeye. Tokeye",13.19123,2.36171,"gbif","2011","unknown"
54,"target_group","1826359698",NA,"Niger","Seberi. Seberi",13.29434,2.34215,"gbif","2011","unknown"
55,"target_group","1826359702",NA,"Niger","Kollo; Tiaguirire. Tiaguirire",13.27167,2.33836,"gbif","2011","unknown"
56,"target_group","1826359712",NA,"Niger","Tillaberi; Diambala. Diambala",14.31036,1.29175,"gbif","2011","unknown"
57,"target_group","1826359738",NA,"Niger","Dokimana. Dokimana",13.03523,2.3432,"gbif","2011","unknown"
58,"target_group","1826359745",NA,"Niger","Tillaberi; Namari Goungou. Namari Goungou",14.34492,1.25329,"gbif","2012","unknown"
59,"target_group","1826359773",NA,"Niger","Say; Koutoukale|Nearest Named Place: Koutoukaley Zeno",13.66634,1.74466,"gbif","2011","unknown"
60,"target_group","1826359801",NA,"Niger","Say; Koutoukale|Nearest Named Place: Koutoukaley Zeno",13.63161,1.74466,"gbif","2012","unknown"
61,"target_group","1826359822",NA,"Niger","Bangou Koirey. Bangou Koirey",13.60331,1.90767,"gbif","2011","unknown"
62,"target_group","1826359824",NA,"Niger","Doguel Kaina. Doguel Kaina",13.28718,2.32726,"gbif","2011","unknown"
63,"target_group","1826359828",NA,"Niger","Seberi. Seberi",13.31099,2.32554,"gbif","2012","unknown"
64,"target_group","1826359842",NA,"Niger","Tagabati. Tagabati",13.63102,1.87492,"gbif","2012","unknown"
65,"target_group","1826359847",NA,"Niger","Tillaberi; Diambala. Diambala",14.31046,1.29175,"gbif","2012","unknown"
66,"target_group","1826359877",NA,"Niger","Karma. Karma",13.66431,1.82411,"gbif","2012","unknown"
67,"target_group","1826359887",NA,"Niger","Tillaberi; Diambala. Diambala",14.30989,1.29365,"gbif","2012","unknown"
68,"target_group","1826359895",NA,"Niger","Kollo; Tokeye. Tokeye",13.19668,2.35522,"gbif","2012","unknown"
69,"target_group","1826359927",NA,"Niger","Seberi. Seberi",13.3038,2.33241,"gbif","2012","unknown"
70,"target_group","1826359958",NA,"Niger","Kollo; Youri. Youri",13.33371,2.24556,"gbif","2012","unknown"
71,"target_group","1826360066",NA,"Niger","Zama Koira Tegui. Zama Koira Tegui",13.70169,1.71942,"gbif","2012","unknown"
72,"target_group","1826360226",NA,"Niger","Yoreize Koira. Yoreize Koira",13.61344,1.87289,"gbif","2012","unknown"
73,"target_group","1826360261",NA,"Niger","Yoreize Koira. Yoreize Koira",13.61848,1.87245,"gbif","2012","unknown"
74,"target_group","1826360283",NA,"Niger","Say; Koutoukale|Nearest Named Place: Koutoukaley Zeno",13.68637,1.7452,"gbif","2012","unknown"
75,"target_group","1826360284",NA,"Niger","Tagabati. Tagabati",13.63109,1.87452,"gbif","2013","unknown"
76,"target_group","1826360383",NA,"Niger","Kollo; Tiaguirire. Tiaguirire",13.27166,2.33829,"gbif","2012","unknown"
77,"target_group","1826360393",NA,"Niger","Say. Say",13.10468,2.35263,"gbif","2012","unknown"
78,"target_group","1826360442",NA,"Niger","Lata. Lata",13.7425,1.68173,"gbif","2013","unknown"
79,"target_group","1826360447",NA,"Niger","Say; Koutoukale|Nearest Named Place: Koutoukaley Zeno",13.6916,1.74321,"gbif","2013","unknown"
80,"target_group","1826360451",NA,"Niger","Libore. Libore",13.39002,2.19714,"gbif","2013","unknown"
81,"target_group","1826360480",NA,"Niger","Doguel Kaina. Doguel Kaina",13.29273,2.32335,"gbif","2013","unknown"
82,"target_group","1826360636",NA,"Niger","Say. Say",13.11028,2.34223,"gbif","2013","unknown"
83,"target_group","1826360655",NA,"Niger","Bangou Koirey. Bangou Koirey",13.60475,1.90509,"gbif","2013","unknown"
84,"target_group","1826360684",NA,"Niger","Lata. Lata",13.74193,1.68262,"gbif","2013","unknown"
85,"target_group","1826360719",NA,"Niger","Zama Koira Tegui. Zama Koira Tegui",13.70432,1.72169,"gbif","2013","unknown"
86,"target_group","1826360751",NA,"Niger","Say. Say",13.09848,2.37032,"gbif","2014","unknown"
87,"target_group","1826360811",NA,"Niger","Tillaberi; Diambala. Diambala",14.31071,1.29644,"gbif","2014","unknown"
88,"target_group","1826360857",NA,"Niger","Doguel Kaina. Doguel Kaina",13.28724,2.32726,"gbif","2014","unknown"
89,"target_group","1826360877",NA,"Niger","Namaro. Namaro",13.71124,1.69775,"gbif","2014","unknown"
90,"target_group","1826360891",NA,"Niger","Lata. Lata",13.75618,1.67031,"gbif","2014","unknown"
91,"target_group","1826360941",NA,"Niger","Libore. Libore",13.39001,2.19713,"gbif","2013","unknown"
92,"target_group","1826360945",NA,"Niger","Yoreize Koira. Yoreize Koira",13.61638,1.87466,"gbif","2014","unknown"
93,"target_group","1826360972",NA,"Niger","Say. Koutoukale",13.68381,1.75045,"gbif","2014","unknown"
94,"target_group","1826360985",NA,"Niger","Kollo; Tiaguirire. Tiaguirire",13.27176,2.33823,"gbif","2014","unknown"
95,"target_group","1826361002",NA,"Niger","Namaro. Namaro",13.68974,1.71444,"gbif","2014","unknown"
96,"target_group","1826361006",NA,"Niger","Namaro. Namaro",13.7102,1.69744,"gbif","2014","unknown"
97,"target_group","1826361023",NA,"Niger","Say; Koutoukale|Nearest Named Place: Koutoukale Zeno",13.68351,1.75121,"gbif","2014","unknown"
98,"target_group","1826361032",NA,"Niger","Tagabati. Tagabati",13.62944,1.87799,"gbif","2014","unknown"
99,"target_group","1826361067",NA,"Niger","Lata|Nearest Named Place: Lata Kabia",13.76385,1.66861,"gbif","2014","unknown"
100,"target_group","1826361109",NA,"Niger","Lata. Lata",13.74196,1.68257,"gbif","2014","unknown"
101,"target_group","1826361125",NA,"Niger","Lata|Nearest Named Place: Lata Kabia",13.76104,1.67135,"gbif","2014","unknown"
102,"target_group","1826361135",NA,"Niger","Tillaberi; Namari Goungou. Namari Goungou",14.34488,1.24571,"gbif","2014","unknown"
103,"target_group","1826361214",NA,"Niger","Namaro. Namaro",13.71095,1.69746,"gbif","2014","unknown"
104,"target_group","1826361315",NA,"Niger","Zama Koira Tegui. Zama Koira Tegui",13.70186,1.71945,"gbif","2014","unknown"
105,"target_group","1826361327",NA,"Niger","Lata. Lata",13.7561,1.67038,"gbif","2014","unknown"
106,"target_group","1826361557",NA,"Niger","Zama Koira Tegui. Zama Koira Tegui",13.709,1.71364,"gbif","2014","unknown"
107,"target_group","1826361928",NA,"Niger","Karma. Karma",13.6664,1.82505,"gbif","2015","unknown"
108,"target_group","1826362077",NA,"Niger","Say. Doguel Kaina",13.28259,2.33279,"gbif","2015","unknown"
109,"target_group","1826362103",NA,"Senegal","Nieti-Yone. Nieti-Yone. Nieti-Yone",16.349098,-15.884401,"gbif","2015","unknown"
110,"target_group","1826362106",NA,"Senegal","Ndonba|Parish: Ndombo",16.439898,-15.698325,"gbif","2015","unknown"
111,"target_group","1826362124",NA,"Senegal","Richard Toll. Richard Toll. Richard Toll",16.471553,-15.719265,"gbif","2016","unknown"
112,"target_group","1826362135",NA,"Senegal","Richard Toll|Parish: Ndombo",16.452233,-15.695106,"gbif","2015","unknown"
113,"target_group","1826362169",NA,"Senegal","Ndonba|Parish: Ndombo",16.433788,-15.69973,"gbif","2015","unknown"
114,"target_group","1826362179",NA,"Senegal","Ndiangue|Parish: Richard Toll",16.416878,-15.711188,"gbif","2015","unknown"
115,"target_group","1826362320",NA,"Senegal","Nder|Parish: Lac de Guiers",16.266271,-15.874553,"gbif","2015","unknown"
116,"target_group","1826362345",NA,"Senegal","Thiago. Thiago. Thiago",16.397668,-15.72272,"gbif","2015","unknown"
117,"target_group","1826362346",NA,"Senegal","Mbane|Parish: Lac de Guiers",16.270771,-15.801575,"gbif","2015","unknown"
118,"target_group","1826362347",NA,"Senegal","Richard Toll|Parish: Ndombo",16.454391,-15.694671,"gbif","2016","unknown"
119,"target_group","1826362379",NA,"Senegal","Djidery. Djidery. Djidery",16.480958,-15.613241,"gbif","2015","unknown"
120,"target_group","1826362386",NA,"Senegal","Thiago. Thiago. Thiago",16.400488,-15.72045,"gbif","2016","unknown"
121,"target_group","1826362432",NA,"Senegal","Ndonba|Parish: Ndombo",16.435941,-15.699291,"gbif","2016","unknown"
122,"target_group","1826362626",NA,"Senegal","Ndiangue|Parish: Richard Toll",16.4723,-15.71102,"gbif","2015","unknown"
123,"target_group","1826362636",NA,"Senegal","Djidery. Djidery. Djidery",16.480953,-15.61247,"gbif","2015","unknown"
124,"target_group","1826362651",NA,"Senegal","Deroudji|Parish: Richard Toll",16.418931,-15.709343,"gbif","2015","unknown"
125,"target_group","1826362653",NA,"Senegal","Mbane|Parish: Lac de Guiers",16.274161,-15.799793,"gbif","2015","unknown"
126,"target_group","1826362681",NA,"Senegal","St Louis; Temey",16.329383,-15.7676,"gbif","2016","unknown"
127,"target_group","1826362682",NA,"Senegal","Mbane|Parish: Lac de Guiers",16.254975,-15.796008,"gbif","2015","unknown"
128,"target_group","1826362687",NA,"Senegal","Nder|Parish: Lac de Guiers",16.264486,-15.873948,"gbif","2015","unknown"
129,"target_group","1826362693",NA,"Senegal","Richard Toll. Richard Toll. Richard Toll",16.47266,-15.717691,"gbif","2015","unknown"
130,"target_group","1826362779",NA,"Senegal","Maka Diama. Richard Toll. St Louis",16.217379,-16.38248,"gbif","2016","unknown"
131,"target_group","1826362916",NA,"Senegal","Lampsar. Richard Toll. St Louis",16.1131,-16.349023,"gbif","2016","unknown"
132,"target_group","1826362922",NA,"Senegal","Diokhor. Richard Toll. St Louis",16.189458,-15.882375,"gbif","2016","unknown"
133,"target_group","1826362943",NA,"Senegal","Mbakhana. Richard Toll. St Louis",16.091283,-16.367225,"gbif","2016","unknown"
134,"target_group","1826362949",NA,"Côte d'Ivoire","Gbeke. Beoumi. Kongobo",7.763982,-5.476109,"gbif","2016","unknown"
135,"target_group","1826362968",NA,"Senegal","Ndiol Maure. Richard Toll. St Louis",16.151193,-16.312328,"gbif","2016","unknown"
136,"target_group","1826362982",NA,"Yemen","Amran. Shibam",15.496715,43.954237,"gbif","2016","unknown"
137,"target_group","1826362996",NA,"Senegal","Ndiawdoune. Richard Toll. St Louis",16.068003,-16.393755,"gbif","2016","unknown"
138,"target_group","1826363111",NA,"Senegal","Guidik. Richard Toll. St Louis",16.111335,-15.905207,"gbif","2016","unknown"
139,"target_group","1826363117",NA,"Senegal","Lampsar. Richard Toll. St Louis",16.109324,-16.349507,"gbif","2016","unknown"
140,"target_group","1826363120",NA,"Senegal","Gankette. Richard Toll. St Louis",15.911347,-15.943248,"gbif","2016","unknown"
141,"target_group","1826363157",NA,"Senegal","Malla Tack. Richard Toll. St Louis",16.13497,-15.884428,"gbif","2016","unknown"
142,"target_group","1826363183",NA,"Senegal","Diokhoul. Richard Toll. St Louis",15.966245,-15.965795,"gbif","2016","unknown"
143,"target_group","1826363192",NA,"Senegal","Malla Tack. Richard Toll. St Louis",16.132903,-15.886163,"gbif","2016","unknown"
144,"target_group","1826363265",NA,"Yemen","Al-Mahweet. Al-Mahweet",15.458379,43.542723,"gbif","2016","unknown"
145,"target_group","1826363279",NA,"Yemen","Hajah. Hajah",15.708722,43.606156,"gbif","2016","unknown"
146,"target_group","1826363313",NA,"Senegal","Guidik. Richard Toll. St Louis",16.115266,-15.904407,"gbif","2016","unknown"
147,"target_group","1826363335",NA,"Yemen","Amran. Shibam",15.509937,43.937969,"gbif","2016","unknown"
148,"target_group","1826363354",NA,"Senegal","Mbane. Richard Toll. St Louis",16.270701,-15.801437,"gbif","2016","unknown"
149,"target_group","1826363380",NA,"Senegal","Syer. Richard Toll. St Louis",16.071476,-15.894755,"gbif","2016","unknown"
150,"target_group","1826363398",NA,"Senegal","Mbarigot. Richard Toll. St Louis",16.090194,-16.36406,"gbif","2016","unknown"
151,"target_group","1826363437",NA,"Côte d'Ivoire","Tchologo. Ouangolodougou. Noumousso",10.106774,-5.141781,"gbif","2016","unknown"
152,"target_group","1826363439",NA,"Senegal","Mbarigot. Richard Toll. St Louis",16.09348,-16.358521,"gbif","2016","unknown"
153,"target_group","1826363442",NA,"Yemen","Al-Mahweet. Alahjor",15.461692,43.867054,"gbif","2016","unknown"
154,"target_group","1826363466",NA,"Senegal","Malla. Richard Toll. St Louis",16.146737,-15.918919,"gbif","2016","unknown"
155,"target_group","1826363475",NA,"Senegal","Diokhoul. Richard Toll. St Louis",15.964955,-15.967412,"gbif","2016","unknown"
156,"target_group","1826363484",NA,"Yemen","Al-Mahweet. Alahjor",15.471289,43.859135,"gbif","2016","unknown"
157,"target_group","1826363485",NA,"Senegal","Guidik. Richard Toll. St Louis",16.112411,-15.905054,"gbif","2016","unknown"
158,"target_group","1826363498",NA,"Côte d'Ivoire","Foroforo. Foroforo",7.9945,-5.0731,"gbif","2016","unknown"
159,"target_group","1826363595",NA,"Senegal","Mbarigot. Richard Toll. St Louis",16.090944,-16.36166,"gbif","2016","unknown"
160,"target_group","1826363642",NA,"Yemen","",15.544256,43.876018,"gbif","2016","unknown"
161,"target_group","1826363652",NA,"Yemen","",15.547718,43.874141,"gbif","2016","unknown"
162,"target_group","1826363654",NA,"Yemen","Hajah. Hajah",15.707422,43.602261,"gbif","2016","unknown"
163,"target_group","1826363679",NA,"Yemen","Hajah. Hajah",15.722815,43.590554,"gbif","2016","unknown"
164,"target_group","1826363716",NA,"Chad","N'Djamena",12.088112,15.066646,"gbif","2013","unknown"
165,"target_group","1826363718",NA,"Senegal","St Louis; Sanen",16.2559,-15.79565,"gbif","2016","unknown"
166,"target_group","1826363769",NA,"Chad","N'Djamena. N'Djamena",12.085861,15.080194,"gbif","2013","unknown"
167,"target_group","1826363787",NA,"Senegal","St Louis; Temey",16.335233,-15.77005,"gbif","2016","unknown"
168,"target_group","1826363797",NA,"Chad","N'Djamena. N'Djamena",12.122389,14.999639,"gbif","2013","unknown"
169,"target_group","1826363816",NA,"Senegal","Foss. Richard Toll. St Louis",16.159705,-15.846237,"gbif","2016","unknown"
170,"target_group","1826363903",NA,"Chad","N'Djamena. N'Djamena",12.071889,15.124667,"gbif","2013","unknown"
171,"target_group","1826363904",NA,"Chad","N'Djamena. N'Djamena",12.088639,15.117167,"gbif","2013","unknown"
172,"target_group","1826363923",NA,"Côte d'Ivoire","Tchologo. Ouangolodougou. Mambiadougou",10.117993,-5.123584,"gbif","2016","unknown"
173,"target_group","1826363930",NA,"Chad","N'Djamena. N'Djamena",12.08175,15.12375,"gbif","2013","unknown"
174,"target_group","1826363935",NA,"Chad","N'Djamena. N'Djamena",12.086306,15.1085,"gbif","2013","unknown"
175,"target_group","1826363962",NA,"Chad","N'Djamena. N'Djamena",12.086972,15.08175,"gbif","2013","unknown"
176,"target_group","1826363974",NA,"Chad","N'Djamena. N'Djamena",12.084694,15.09025,"gbif","2013","unknown"
177,"target_group","1826363988",NA,"Chad","N'Djamena. N'Djamena",12.090056,15.050278,"gbif","2013","unknown"
178,"target_group","1826363992",NA,"Côte d'Ivoire","Tchologo. Ferkessedougou. Sambakaha",9.402801,-5.105916,"gbif","2016","unknown"
179,"target_group","1826364004",NA,"Senegal","Maka Diama. Richard Toll. St Louis",16.215941,-16.383904,"gbif","2016","unknown"
180,"target_group","1826364119",NA,"Côte d'Ivoire","Tchologo. Ouangolodougou. Torla",9.98754,-5.179811,"gbif","2017","unknown"
181,"target_group","1826364128",NA,"Côte d'Ivoire","Tchologo. Ferkessedougou. Sambakaha",9.403234,-5.104302,"gbif","2017","unknown"
182,"target_group","1826364149",NA,"Côte d'Ivoire","Tchologo. Ouangolodougou. Korokara",9.861649,-5.604984,"gbif","2017","unknown"
183,"target_group","1826364173",NA,"Chad","N'Djamena. N'Djamena",12.087806,15.116917,"gbif","2013","unknown"
184,"target_group","1826364186",NA,"Chad","N'Djamena. N'Djamena",12.084083,15.091167,"gbif","2013","unknown"
185,"target_group","1826364308",NA,"Côte d'Ivoire","Tchologo. Ouangolodougou. Korokara",9.86202,-5.604348,"gbif","2016","unknown"
186,"target_group","1826364312",NA,"Côte d'Ivoire","Hambol. Katiola. Foroforo",7.994865,-5.067945,"gbif","2017","unknown"
187,"target_group","1826364320",NA,"Côte d'Ivoire","Bounkani. Bouna. Djemitedouo",9.285437,-2.967282,"gbif","2017","unknown"
188,"target_group","1826364333",NA,"Côte d'Ivoire","Tchologo. Ouangolodougou. Korokara",9.861186,-5.60463,"gbif","2017","unknown"
189,"target_group","1826364357",NA,"Chad","N'Djamena. N'Djamena",12.0995,15.046806,"gbif","2013","unknown"
190,"target_group","1826364363",NA,"Côte d'Ivoire","Tchologo. Ouangolodougou. Korokara",9.861308,-5.603859,"gbif","2016","unknown"
191,"target_group","1826364364",NA,"Chad","N'Djamena. N'Djamena",12.082028,15.123917,"gbif","2013","unknown"
192,"target_group","1826364372",NA,"Côte d'Ivoire","Hambol. Katiola. Foroforo",7.967133,-5.050886,"gbif","2016","unknown"
193,"target_group","1826364378",NA,"Chad","N'Djamena. N'Djamena",12.089917,15.051111,"gbif","2013","unknown"
194,"target_group","1826364379",NA,"Côte d'Ivoire","Tchologo. Ouangolodougou. Korokara",9.861271,-5.604706,"gbif","2016","unknown"
195,"target_group","1826364447",NA,"Côte d'Ivoire","Tchologo. Ferkessedougou. Dekokaha",9.651178,-5.179627,"gbif","2017","unknown"
196,"target_group","1826364456",NA,"Côte d'Ivoire","Bounkani. Bouna. Djemitedouo",9.295065,-2.969504,"gbif","2017","unknown"
197,"target_group","1826364613",NA,"Côte d'Ivoire","Gbeke. Beoumi. Kongobo",7.769788,-5.476973,"gbif","2016","unknown"
198,"target_group","1826364625",NA,"Côte d'Ivoire","Hambol. Katiola. Foroforo",7.96802,-5.049406,"gbif","2016","unknown"
199,"target_group","1826364669",NA,"Côte d'Ivoire","",9.907128,-5.627906,"gbif","2016","unknown"
200,"target_group","1826364673",NA,"Chad","N'Djamena. N'Djamena",12.07275,15.123944,"gbif","2013","unknown"
201,"target_group","1826364694",NA,"Côte d'Ivoire","Tchologo. Ouangolodougou. Noumousso",10.107108,-5.142159,"gbif","2016","unknown"
202,"target_group","1826364942",NA,"Côte d'Ivoire","Hambol. Katiola. Foroforo",7.968796,-5.049537,"gbif","2016","unknown"
203,"target_group","1826365011",NA,"Côte d'Ivoire","Tchologo. Ouangolodougou. Noumousso",10.107131,-5.141892,"gbif","2016","unknown"
204,"target_group","1882436883",NA,"Niger","Tillaberi. Kokorou",14.20607,0.87854,"gbif","2016","unknown"
205,"target_group","1882436893",NA,"Niger","Tillaberi. Kokorou",14.20635,0.88952,"gbif","2016","unknown"
206,"target_group","1882436894",NA,"Niger","Tillaberi. Kokorou",14.2054,0.89843,"gbif","2016","unknown"
207,"target_group","1882436926",NA,"Niger","Tillaberi. Kokorou",14.2042,0.90756,"gbif","2016","unknown"
208,"target_group","1882436928",NA,"Niger","Tillaberi. Kokorou",14.20416,0.91017,"gbif","2016","unknown"
209,"target_group","1882436929",NA,"Niger","Tabalak",15.11306,5.68624,"gbif","2017","unknown"
210,"target_group","1882436959",NA,"Niger","Tabalak",15.10394,5.66574,"gbif","2016","unknown"
211,"target_group","1882436960",NA,"Niger","Tabalak",15.11445,5.67915,"gbif","2016","unknown"
212,"target_group","1882436962",NA,"Niger","Tabalak",15.09456,5.65932,"gbif","2016","unknown"
213,"target_group","1882436966",NA,"Niger","Tabalak",15.09798,5.6614,"gbif","2016","unknown"
214,"target_group","1882436973",NA,"Niger","Tabalak",15.0889,5.65653,"gbif","2017","unknown"
215,"target_group","1882436983",NA,"Niger","Tabalak",15.11432,5.68366,"gbif","2016","unknown"
216,"target_group","1882436992",NA,"Niger","Tabalak",15.09953,5.66287,"gbif","2017","unknown"
217,"target_group","1882436994",NA,"Niger","Tillaberi. Kokorou",14.20505,0.87873,"gbif","2016","unknown"
218,"target_group","1882437005",NA,"Niger","Tabalak",15.08022,5.64869,"gbif","2016","unknown"
219,"target_group","1882437037",NA,"Niger","Tillaberi. Kokorou",14.20166,0.91952,"gbif","2016","unknown"
220,"target_group","1882437041",NA,"Niger","Tillaberi. Kokorou",14.20614,0.88873,"gbif","2016","unknown"
221,"target_group","1882437080",NA,"Niger","Middick",13.46933,8.55485,"gbif","2016","unknown"
222,"target_group","1882437113",NA,"Niger","Tapkin in Birgui",13.43698,8.58903,"gbif","2016","unknown"
223,"target_group","1882437132",NA,"Niger","Kagna",13.48051,8.57224,"gbif","2016","unknown"
224,"target_group","1882437195",NA,"Niger","Rafa",14.13722,9.69495,"gbif","2016","unknown"
225,"target_group","1882437197",NA,"Niger","",13.70278,9.15409,"gbif","2016","unknown"
226,"target_group","1882437201",NA,"Niger","Kissambana",13.70166,9.32622,"gbif","2016","unknown"
227,"target_group","1882437887",NA,"Senegal","Saint-Louis. Richard Toll. Merina Gewel",15.937085,-15.969754,"gbif","2016","unknown"
228,"target_group","1882437918",NA,"Senegal","Syer. Richard Toll. St Louis",16.077246,-15.895939,"gbif","2016","unknown"
229,"target_group","1882438171",NA,"Senegal","locality: Malla Tack; site: Malla Tack 2",16.133781,-15.88548,"gbif","2017","unknown"
230,"target_group","2248088183",NA,"Malawi","",-9.89932,33.9437,"gbif","2006","unknown"
231,"target_group","2248088184",NA,"Malawi","",-15.05699,35.22272,"gbif","2007","unknown"
232,"target_group","2540718924",NA,"Iraq","",30.451196,47.756379,"gbif","2018","unknown"
233,"target_group","2556151798",NA,"Benin","Okpara (barrages)",9.233333,2.866667,"gbif","2008","unknown"
234,"target_group","2635229345",NA,"Senegal","Loumbel Deba",15.9302,-15.0208,"gbif","2017","unknown"
235,"target_group","2635229350",NA,"Chad","Ennedi Ouest",19.058787,20.520622,"gbif","2019","unknown"
236,"target_group","2635231347",NA,"Madagascar","Bekily",-24.2064,45.66405,"gbif","2008","unknown"
237,"target_group","2635234338",NA,"Senegal","Matam; Niakhar| Township: Barkedji",15.2958,-14.899883,"gbif","2017","unknown"
238,"target_group","2635238344",NA,"Senegal","Matam; Modji Ende| Township: Barkedji",15.27285,-14.847917,"gbif","2017","unknown"
239,"target_group","2635239344",NA,"Niger","Tillaberi. Kokorou",14.19537,0.94164,"gbif","2017","unknown"
240,"target_group","2635249341",NA,"Senegal","Loumbel Kogio. Barkedji. Louga",15.259583,-14.893,"gbif","2018","unknown"
241,"target_group","2635250343",NA,"Senegal","Meur Momar Sarr; Merina Gewel",15.944167,-15.972086,"gbif","2018","unknown"
242,"target_group","2635252349",NA,"Senegal","Loumbel Lode. Barkedji. Louga",15.272517,-14.878267,"gbif","2017","unknown"
243,"target_group","2635252355",NA,"Chad","Ennedi Ouest",18.915273,20.911437,"gbif","2019","unknown"
244,"target_group","2635261339",NA,"Senegal","Matam; Loumbel Lana| Township: Barkedji",15.261667,-14.7181,"gbif","2017","unknown"
245,"target_group","2635266332",NA,"Senegal","Loumbel Mbada. Barkedji. Louga",15.24515,-14.891,"gbif","2017","unknown"
246,"target_group","2635269345",NA,"Uganda","Chema",1.3546,34.38869,"gbif","2012","unknown"
247,"target_group","2635270359",NA,"Malawi","",-15.116979,35.63106,"gbif","2012","unknown"
248,"target_group","2901567133",NA,"Algeria","",36.80586,4.021246,"gbif","2020","unknown"
249,"target_group","3058818078",NA,"Spain","",36.756932,-2.796075,"gbif","2014","unknown"
250,"target_group","Abe et al. ",2018,"Egypt","Giza",30.102,31.243,"Paper","2016","barcoding"
251,"target_group","Abe et al. ",2018,"Zimbabwe","Madziwa",-16.91498,31.42868,"Paper","2016","barcoding"
252,"target_group","Abe et al. ",2018,"Zimbabwe","Madziwa",-16.93642,31.44603,"Paper","2016","barcoding"
253,"target_group","Abe et al. ",2018,"Zimbabwe","Madziwa",-16.8807,31.49083,"Paper","2016","barcoding"
254,"target_group","Abe et al. ",2018,"Zimbabwe","Madziwa",-16.85695,31.49413,"Paper","2016","barcoding"
255,"target_group","Abe et al. ",2018,"Sudan","Barakat",14.33673,33.52736,"Paper","2016","barcoding"
256,"target_group","Abe et al. ",2018,"Sudan","Barakat",14.3178,33.53167,"Paper","2016","barcoding"
257,"target_group","Abe et al. ",2018,"Sudan","Barakat",14.2921,33.55261,"Paper","2016","barcoding"
258,"target_group","Abe et al. ",2018,"Sudan","Barakat",14.25122,33.5907,"Paper","2016","barcoding"
259,"target_group","Akinwale et al. ",2010,"Nigeria","Ilara",7.41632,2.74862,"Google Earth","2007","morphology"
260,"target_group","Akinwale et al. ",2010,"Nigeria","Ibaro",7.15,3.11667,"Google Earth","2007","morphology"
261,"target_group","Akinwale et al. ",2010,"Nigeria","Imala Odo",7.27791,3.12756,"Google Earth","2007","morphology"
262,"target_group","Akinwale et al. ",2010,"Nigeria","Ebute Chief",6.47897,3.37422,"Google Earth","2007","morphology"
263,"target_group","Akinwale et al. ",2010,"Nigeria","Ijebu oru",6.95071,3.9527,"Google Earth","2007","morphology"
264,"target_group","Akinwale et al. ",2010,"Nigeria","Erepoto",6.58034,3.97142,"Google Earth","2007","morphology"
265,"target_group","Akinwale et al. ",2010,"Nigeria","Kajola",6.72364,4.51032,"Google Earth","2007","morphology"
266,"target_group","Akinwale et al. ",2010,"Nigeria","Ilie",7.96833,4.54113,"Google Earth","2007","morphology"
267,"target_group","Akinwale et al. ",2010,"Nigeria","Ife",7.48504,4.54343,"Google Earth","2007","morphology"
268,"target_group","Akinwale et al. ",2010,"Nigeria","Oshogbo",7.80306,4.54441,"Google Earth","2007","morphology"
269,"target_group","Akinwale et al. ",2010,"Nigeria","Fakun",9.85338,4.61314,"Google Earth","2007","morphology"
270,"target_group","Akinwale et al. ",2010,"Nigeria","Awuru",9.75,4.66667,"Google Earth","2007","morphology"
271,"target_group","Akinwale et al. ",2010,"Nigeria","Ogotun Ekiti",7.50647,4.99214,"Google Earth","2007","morphology"
272,"target_group","Akinwale et al. ",2010,"Nigeria","Owena",7.19555,5.01925,"Google Earth","2007","morphology"
273,"target_group","Akinwale et al. ",2010,"Nigeria","Ibara Odo",7.50273,5.06419,"Google Earth","2007","morphology"
274,"target_group","Akinwale et al. ",2010,"Nigeria","Ipogun",7.31495,5.07685,"Google Earth","2007","morphology"
275,"target_group","Akinwale et al. ",2010,"Nigeria","Ibuji",7.38502,5.09864,"Google Earth","2007","morphology"
276,"target_group","Akinwale et al. ",2010,"Nigeria","Musawa",12.12557,7.66557,"Google Earth","2007","morphology"
277,"target_group","Akinwale et al. ",2010,"Nigeria","Abule Tuntun",7.33333,3.066667,"Google Earth","2007","morphology"
278,"target_group","Akinwale et al. ",2010,"Nigeria","Apojula",7.35,3.15,"Google Earth","2007","morphology"
279,"target_group","Akinwale et al. ",2010,"Nigeria","Agulu",6.5,7.583333,"Google Earth","2007","morphology"
280,"target_group","Amarir et al. ",2014,"Morocco","Targa N'Touchka",29.88602,-9.20014,"Google Earth","2008","morphology"
281,"target_group","Amarir et al. ",2014,"Morocco","Rahala",29.42414,-8.26067,"Google Earth","2008","morphology"
282,"target_group","Amarir et al. ",2014,"Morocco","Agoujgal",29.75964,-7.97941,"Google Earth","2008","morphology"
283,"target_group","Amarir et al. ",2014,"Morocco","Errachidia",31.93347,-4.41429,"Google Earth","2008","morphology"
284,"target_group","Anto et al.",2005,"Ghana","Ayikai Doblo",5.66962,-0.35778,"Google Earth","?","morphology"
285,"target_group","Anyan et al. ",2019,"Ghana","Eijwa reservoir",5.57532,-0.37415,"Google Earth","2012","morphology"
286,"target_group","Basyoni et al. ",2013,"Egypt","Abu-Rawash",30.03659,31.11951,"Google Earth","?","morphology"
287,"target_group","Boelee and Laamrani",2004,"Morocco","Akka oasis",29.43032,-8.26176,"Google Earth","?","morphology"
288,"target_group","Boissier et al.",2016,"France","Cavu river",41.724128,9.298636,"Paper","2014","morphology"
289,"target_group","Boissier et al.",2016,"France","Cavu river",41.708275,9.316922,"Paper","2014","morphology"
290,"target_group","Boissier et al.",2016,"France","Cavu river",41.701767,9.352858,"Paper","2014","morphology"
291,"target_group","Boissier et al.",2016,"France","Cavu river",41.698261,9.371356,"Paper","2014","morphology"
292,"target_group","Boissier et al.",2016,"France","Cavu river",41.701186,9.391808,"Paper","2014","morphology"
293,"target_group","Chlyeh et al.",2006,"Morocco","Oulad Sid'chekh irrigation scheme",31.62207,-8.16576,"Google Earth","2000","morphology"
294,"target_group","Danish Bilharzia Lab",1963,"Mauritania","SOUFA-MANK.MBOUT.NY-ART-?",16.064,-12.595,"Google Earth","1963","morphology"
295,"target_group","Danish Bilharzia Lab",1974,"Portugal","SILVES",37.189,-8.439,"Google Earth","1974","morphology"
296,"target_group","Danish Bilharzia Lab",1967,"Portugal","ARADE-RIV.SILVES.ALGARVE",37.187,-8.434,"Google Earth","1967","morphology"
297,"target_group","Danish Bilharzia Lab",1963,"Portugal","COIMBRA",40.201,-8.425,"Google Earth","1963","morphology"
298,"target_group","Danish Bilharzia Lab",1972,"Morocco","FKIH-BEN-SALAH",32.502,-6.687,"Google Earth","1972","morphology"
299,"target_group","Danish Bilharzia Lab",1971,"Morocco","TAZZARINE.ZAGORA",30.305,-5.835,"Google Earth","1971","morphology"
300,"target_group","Danish Bilharzia Lab",1967,"Morocco","GOULMINA.KSAR-ES-SOUK",31.692,-4.953,"Google Earth","1967","morphology"
301,"target_group","Danish Bilharzia Lab",1973,"Upper Volta","BAMA.BOBO-DIOULASSO",12.036,-4.399,"Google Earth","1973","morphology"
302,"target_group","Danish Bilharzia Lab",1973,"Upper Volta","SANTIDOUGOU.BOBO-DIOULASSO",11.287,-4.217,"Google Earth","1973","morphology"
303,"target_group","Danish Bilharzia Lab",1973,"Mali","TENENKOA.MOPTI",14.49,-4.199,"Google Earth","1973","morphology"
304,"target_group","Danish Bilharzia Lab",1973,"Mali","DOBOLO-DAM.BANDIAGARA",14.346,-3.608,"Google Earth","1973","morphology"
305,"target_group","Danish Bilharzia Lab",1960,"Ghana","KARNI-VILLAGE.LAWRA",10.672,-2.641,"Google Earth","1960","morphology"
306,"target_group","Danish Bilharzia Lab",1974,"Niger","BENDIO.GOTEY-AREA",13.888,1.089,"Google Earth","1974","morphology"
307,"target_group","Danish Bilharzia Lab",1975,"Niger","NIGER-RIV-AT-TILLABERY",14.206,1.44,"Google Earth","1975","morphology"
308,"target_group","Danish Bilharzia Lab",1974,"Togo","ANECHO",6.233,1.567,"Google Earth","1974","morphology"
309,"target_group","Danish Bilharzia Lab",1975,"Niger","NIGER-RIV.GOTHEY",13.858,1.571,"Google Earth","1975","morphology"
310,"target_group","Danish Bilharzia Lab",1975,"Niger","BOUBON.NIGER-RIV",13.574,2.002,"Google Earth","1975","morphology"
311,"target_group","Danish Bilharzia Lab",1975,"Niger","NIGER-RIV.NIAMEY",13.505,2.107,"Google Earth","1975","morphology"
312,"target_group","Danish Bilharzia Lab",1978,"Algeria","EL-HARRACH",36.719,3.136,"Google Earth","1978","morphology"
313,"target_group","Danish Bilharzia Lab",1977,"Niger","DOUTCHI",13.644,4.022,"Google Earth","1977","morphology"
314,"target_group","Danish Bilharzia Lab",1965,"Corsica","LE-BARRACI.PREPIANO",41.692,8.934,"Google Earth","1965","morphology"
315,"target_group","Danish Bilharzia Lab",1965,"Corsica","LE-STABIACCHO.PORTO-VECCHIO",41.575,9.276,"Google Earth","1965","morphology"
316,"target_group","Danish Bilharzia Lab",1955,"Sardinia","RIO-LISCIA",41.179,9.313,"Google Earth","1955","morphology"
317,"target_group","Danish Bilharzia Lab",1955,"Cameroun","BAROMBI-LKE.KOTTO.KUMBA",4.656,9.412,"Google Earth","1955","morphology"
318,"target_group","Danish Bilharzia Lab",1965,"Corsica","AERODROME.BASTIA",42.558,9.497,"Google Earth","1965","morphology"
319,"target_group","Danish Bilharzia Lab",1977,"Cameroun","BAMENDJING-DAM.BAMBALANG",5.7,10.501,"Google Earth","1977","morphology"
320,"target_group","Danish Bilharzia Lab",1974,"Gabon","MOUKORAS.NDENDE-AREA",-2.399,11.363,"Google Earth","1974","morphology"
321,"target_group","Danish Bilharzia Lab",1972,"Zaire","TOTAMA-RIV.TSHELA-AREA",-4.994,12.947,"Google Earth","1972","morphology"
322,"target_group","Danish Bilharzia Lab",1973,"Nigeria","KIRINOWA.CHAD-LKE",12.431,13.935,"Google Earth","1973","morphology"
323,"target_group","Danish Bilharzia Lab",1972,"Zaire","NGANDU-RIV.BANZA-BULU",-4.915,13.974,"Google Earth","1972","morphology"
324,"target_group","Danish Bilharzia Lab",1974,"Zaire","LUKALA.LUKUNGA-STR",-5.517,14.508,"Google Earth","1974","morphology"
325,"target_group","Danish Bilharzia Lab",1963,"Tchad","FIANGA.FORT-LAMY",12.12,15.025,"Google Earth","1963","morphology"
326,"target_group","Danish Bilharzia Lab",1972,"Zaire","MWELA.KOLO-REGION",-6.148,17.608,"Google Earth","1972","morphology"
327,"target_group","Danish Bilharzia Lab",1964,"Central A. Rep.","FORT-CRAMPEL",6.99,19.187,"Google Earth","1964","morphology"
328,"target_group","Danish Bilharzia Lab",1963,"Central A. Rep.","BRIA",6.542,21.986,"Google Earth","1963","morphology"
329,"target_group","Danish Bilharzia Lab",1962,"Central A. Rep.","BIRAO",10.305,22.786,"Google Earth","1962","morphology"
330,"target_group","Danish Bilharzia Lab",1966,"Sudan","ZALINGEI.DARFUR",12.922,23.492,"Google Earth","1966","morphology"
331,"target_group","Danish Bilharzia Lab",1964,"Zaire","NAVIUNDU-RIV.ELISABETHVILLE",-11.734,27.568,"Google Earth","1964","morphology"
332,"target_group","Danish Bilharzia Lab",1966,"South Africa","NELSPRUIT.TRANSVAAL",-25.471,30.979,"Google Earth","1966","morphology"
333,"target_group","Danish Bilharzia Lab",1955,"Egypt","EL-BAHADIYA.SHALAQAN.QUALIUBIYA",30.191,31.161,"Google Earth","1955","morphology"
334,"target_group","Danish Bilharzia Lab",1966,"Egypt","DAMALLU.BENHA.QALIUBIYA",30.5,31.196,"Google Earth","1966","morphology"
335,"target_group","Danish Bilharzia Lab",1967,"Egypt","ISKANDER-DRA.QALIUB",30.179,31.206,"Google Earth","1967","morphology"
336,"target_group","Danish Bilharzia Lab",1967,"Egypt","EL-ALWAZ.SHABIN.QALIUBIYA",30.309,31.319,"Google Earth","1967","morphology"
337,"target_group","Danish Bilharzia Lab",1965,"Egypt","SHAL-SHALAMONE.MINYA-EL-QAMH",30.516,31.346,"Google Earth","1965","morphology"
338,"target_group","Danish Bilharzia Lab",1977,"Egypt","ELEPHANTINE-ISL.ASWAN",24.091,32.888,"Google Earth","1977","morphology"
339,"target_group","Danish Bilharzia Lab",1955,"Sudan","WAD-MEDANI",14.415,33.541,"Google Earth","1955","morphology"
340,"target_group","Danish Bilharzia Lab",1969,"Sudan","EL-BAUGA.NORTHERN-PROV",18.262,33.923,"Google Earth","1969","morphology"
341,"target_group","Danish Bilharzia Lab",1958,"Ethiopia","TANA-LKE.ZEGHIE",11.683,37.317,"Google Earth","1958","morphology"
342,"target_group","Danish Bilharzia Lab",1973,"Ethiopia","AWASA-LKE",7.047,38.456,"Google Earth","1973","morphology"
343,"target_group","Danish Bilharzia Lab",1962,"Ethiopia","AWASA-LKE",7.061,38.47,"Google Earth","1962","morphology"
344,"target_group","Danish Bilharzia Lab",1966,"Saudi arabia","TAIMA.HIJAZ",27.622,38.539,"Google Earth","1966","morphology"
345,"target_group","Danish Bilharzia Lab",1973,"Ethiopia","ZWAI-LKE",7.988,38.744,"Google Earth","1973","morphology"
346,"target_group","Danish Bilharzia Lab",1954,"Ethiopia","CORBARIA",15.065,38.967,"Google Earth","1954","morphology"
347,"target_group","Danish Bilharzia Lab",1964,"Ethiopia","BISHOFTU",8.765,38.971,"Google Earth","1964","morphology"
348,"target_group","Danish Bilharzia Lab",1962,"Ethiopia","BISHOFTU",8.746,38.984,"Google Earth","1962","morphology"
349,"target_group","Danish Bilharzia Lab",1952,"Ethiopia","BISHOFTU.SHOA-PROV",8.745,38.986,"Google Earth","1952","morphology"
350,"target_group","Danish Bilharzia Lab",1973,"Yemen","GHADRAN.SANA'A",15.484,44.337,"Google Earth","1973","morphology"
351,"target_group","Danish Bilharzia Lab",1957,"Iran","SHONGOR.DEZFUL.KHUZESTAN",32.153,48.517,"Google Earth","1957","morphology"
352,"target_group","Danish Bilharzia Lab",1957,"Iran","NAHRE-MALEK-RIV.AHWAZ.KHUZESTAN",31.328,48.675,"Google Earth","1957","morphology"
353,"target_group","Danish Bilharzia Lab",1975,"Kenya","YAO-KONYAKA.RABAR.KANO-PLAIN",-0.11666,34.86667,"Google Earth","1975","morphology"
354,"target_group","Danish Bilharzia Lab",1969,"Kenya","KANO-PLAINS",-0.11666,34.86667,"Google Earth","1969","morphology"
355,"target_group","Danish Bilharzia Lab",1972,"Kenya","AHERO.KISUMU",-0.18333,34.91667,"Google Earth","1972","morphology"
356,"target_group","Danish Bilharzia Lab",1976,"Algeria","ERG-ADNAR.DJANET",24.5525017,9.4822216,"Google Earth","1976","morphology"
357,"target_group","Danish Bilharzia Lab",1977,"Cameroun","YAGOUA",10.3427782,15.2393794,"Google Earth","1977","morphology"
358,"target_group","Danish Bilharzia Lab",1975,"Upper Volta","BARRAYE-2.TENKODOGO",11.793,-0.363,"Google Earth","1975","morphology"
359,"target_group","Danish Bilharzia Lab",1975,"Upper Volta","BARRAGE-1-TENKODOGO",11.773,-0.377,"Google Earth","1975","morphology"
360,"target_group","Danish Bilharzia Lab",1960,"Ghana","DATORO-STR.DZOLOKPUITA-VILLAGE",6.787,0.441,"Google Earth","1960","morphology"
361,"target_group","Danish Bilharzia Lab",1961,"Ghana","LAGOON-KE.SISAKOPE-VIL",5.952,0.466,"Google Earth","1961","morphology"
362,"target_group","Danish Bilharzia Lab",1960,"Ghana","DZIGBE-STR.KPEDZE-VIL",6.842,0.496,"Google Earth","1960","morphology"
363,"target_group","Danish Bilharzia Lab",1960,"Ghana","MAFI-DUGAME",6.05,0.5,"Google Earth","1960","morphology"
364,"target_group","Danish Bilharzia Lab",1961,"Ghana","ABATU-PND.TAMATUKU.ADA",5.912,0.533,"Google Earth","1961","morphology"
365,"target_group","Danish Bilharzia Lab",1961,"Ghana","AGAVE-EAST",5.895,0.638,"Google Earth","1961","morphology"
366,"target_group","Danish Bilharzia Lab",1959,"Ghana","VEYA-VILL",10.867,-0.85,"Google Earth","1959","morphology"
367,"target_group","Danish Bilharzia Lab",1954,"Mali","AYROU.FIRGOUN.NIGER-RIV",14.807,0.877,"Google Earth","1954","morphology"
368,"target_group","Danish Bilharzia Lab",1975,"Niger","NIGER-RIV-AT-AYOROU",14.734,0.914,"Google Earth","1975","morphology"
369,"target_group","Danish Bilharzia Lab",1964,"South Africa","PIETERSBURG",-23.89,29.43,"Google Earth","1964","morphology"
370,"target_group","Danish Bilharzia Lab",1964,"South Africa","MTUBATUBA.NATAL",-28.44,32.17,"Google Earth","1964","morphology"
371,"target_group","Danish Bilharzia Lab",1970,"Iran","IZEH",31.85,49.87,"Google Earth","1970","morphology"
372,"target_group","Elnour et al. ",2009,"Sudan","Khartoum North",15.67317,32.52689,"Google Earth","?","morphology"
373,"target_group","Eze et al. ",2020,"Nigeria","Eha-amufu",6.649841,7.766567,"Google Earth","?","morphology"
374,"target_group","Fieldwork Ruben",2017,"Zimbabwe","DDF",-16.53152,28.75891,"GPS","2017","barcoding"
375,"target_group","Fieldwork Ruben",2017,"Zimbabwe","Marineland",-16.5303,28.80208,"GPS","2017","barcoding"
376,"target_group","Fieldwork Ruben",2017,"Zimbabwe","Lake croc",-16.54363,28.87697,"GPS","2017","barcoding"
377,"target_group","Fieldwork Ruben",2017,"Zimbabwe","Nzou Lodge",-16.56119,28.94143,"GPS","2017","barcoding"
378,"target_group","Fieldwork Ruben",2017,"Zimbabwe","Charara",-16.5541,28.95083,"GPS","2017","barcoding"
379,"target_group","Fieldwork Ruben",2021,"Zimbabwe","lake malilangwe",-21.05712,31.87665,"GPS","2021","barcoding"
380,"target_group","Fieldwork Ruben",2018,"Zimbabwe","Henderson's",-17.575167,30.974028,"GPS","2018","barcoding"
381,"target_group","Fieldwork Ruben",2018,"Zimbabwe","Mazowe",-17.561417,30.991944,"GPS","2018","barcoding"
382,"target_group","Fieldwork Ruben",2018,"Zimbabwe","Mazowe",-17.550022,31.000444,"GPS","2018","barcoding"
383,"target_group","Fieldwork Ruben",2018,"Zimbabwe","Mwenje",-17.246639,31.018806,"GPS","2018","barcoding"
384,"target_group","Fieldwork Ruben",2018,"Zimbabwe","Mwenje",-17.248444,31.023472,"GPS","2018","barcoding"
385,"target_group","Fieldwork Ruben",2021,"Zimbabwe","Samba range dam",-20.831443,31.331674,"GPS","2021","barcoding"
386,"target_group","Fieldwork Ruben",2021,"Zimbabwe","lake malilangwe",-21.048445,31.874889,"GPS","2021","barcoding"
387,"target_group","Goren et al. ",2014,"Israël","Ga'ash Reserve",32.229039,34.831114,"Paper","2013","morphology"
388,"target_group","Hamed et al. ",2014,"Tunisia","Ghar Ettin Lake",36.994762,9.250807,"Paper","2007","morphology"
389,"target_group","Hasheesh and Mohamed",2011,"Egypt","Monshaat Rahmi",29.27284,30.78229,"Google Earth","?","morphology"
390,"target_group","Joof et al. ",2021,"Gambia","Madina N'Fally",13.543967,-14.959617,"Paper","2017","barcoding"
391,"target_group","Joof et al. ",2021,"Gambia","Kisskiss",13.30309,-14.1601,"Paper","2017","barcoding"
392,"target_group","Joof et al. ",2021,"Gambia","Missira Ba Mariama",13.33295,-13.94445,"Paper","2017","barcoding"
393,"target_group","Joof et al. ",2021,"Gambia","Pacharr",13.517733,-14.8543,"Paper","2017","barcoding"
394,"target_group","Khademvatan et al. ",2016,"Iran","Shush",32.19279,48.24439,"Google Earth","2011","morphology"
395,"target_group","Khademvatan et al. ",2016,"Iran","Andimeshk",32.45344,48.33711,"Google Earth","2013","morphology"
396,"target_group","Khademvatan et al. ",2016,"Iran","Dezful",32.38445,48.39426,"Google Earth","2013","morphology"
397,"target_group","Khademvatan et al. ",2016,"Iran","Ahvaz",31.32691,48.67202,"Google Earth","2000","morphology"
398,"target_group","Khademvatan et al. ",2016,"Iran","Shushtar",32.05347,48.84596,"Google Earth","2011","morphology"
399,"target_group","Laamrani et al.",2009,"Morocco","Dzouz",31.89278,-7.31638,"Google Earth","?","morphology"
400,"target_group","Laamrani et al.",2005,"Morocco","Tessaout Amont",31.78779,-7.2681,"Google Earth","1995","morphology"
401,"target_group","Laamrani et al.",2009,"Morocco","Bouya Omar",31.78627,-7.26216,"Google Earth","?","morphology"
402,"target_group","Moser et al. ",2014,"Chad","N'Djamena",12.12118,14.99794,"Google Earth","2013","barcoding"
403,"target_group","Moser et al. ",2014,"Chad","N'Djamena",12.08937,15.04883,"Google Earth","2013","barcoding"
404,"target_group","Moser et al. ",2014,"Chad","N'Djamena",12.15583,15.05261,"Google Earth","2013","barcoding"
405,"target_group","Moser et al. ",2014,"Chad","N'Djamena",12.08867,15.08151,"Google Earth","2013","barcoding"
406,"target_group","Moser et al. ",2014,"Chad","N'Djamena",12.06576,15.08535,"Google Earth","2013","barcoding"
407,"target_group","Moser et al. ",2014,"Chad","N'Djamena",12.14558,15.08788,"Google Earth","2013","barcoding"
408,"target_group","Moser et al. ",2014,"Chad","N'Djamena",12.08435,15.11713,"Google Earth","2013","barcoding"
409,"target_group","Mostafa et al. ",2009,"Saudi Arabia","Abha",18.21781,42.50537,"Google Earth","?","morphology"
410,"target_group","Mostafa et al. ",2012,"Saudi Arabia","Bisha",20.04211,42.60375,"Google Earth","?","genetically"
411,"target_group","Mulero et al. ",2019,"Spain","Almeria",36.74857,-2.798361,"Paper","2015","morphology"
412,"target_group","Mulero et al. ",2019,"Cameroon","Barombi Koto Lake",4.466916,9.257567,"Paper","2015","morphology"
413,"target_group","Mulero et al. ",2021,"France","Cavu river",41.7386,9.294252,"Google Earth","2018","eDNAmorphology"
414,"target_group","Mulero et al. ",2021,"France","Solenzara river",41.86083,9.369415,"Google Earth","2018","eDNAmorphology"
415,"target_group","Mulero et al. ",2021,"France","Tarcu river",41.751089,9.398195,"Google Earth","2018","eDNAmorphology"
416,"target_group","Mutsaka-Makuvaza et al. ",2020,"Zimbabwe","Kamoyo",-16.895583,31.40675,"Paper","?","barcoding"
417,"target_group","Mutsaka-Makuvaza et al. ",2020,"Zimbabwe","Nyamaruru river",-16.9242,31.429467,"paper","?","barcoding"
418,"target_group","Mutsaka-Makuvaza et al. ",2020,"Zimbabwe","Mupfure river",-16.94425,31.4699,"Paper","?","barcoding"
419,"target_group","Mutsaka-Makuvaza et al. ",2020,"Zimbabwe","Mupfure river",-16.94995,31.477033,"Paper","?","barcoding"
420,"target_group","Mutsaka-Makuvaza et al. ",2020,"Zimbabwe","Mupfure river",-16.8604,31.490367,"Paper","?","barcoding"
421,"target_group","Mutsaka-Makuvaza et al. ",2020,"Zimbabwe","Mupfure river",-16.855733,31.495767,"Paper","?","barcoding"
422,"target_group","Nalugwa et al. ",2011,"DR Congo","Ikondere",-2.15278,28.8782,"Google Earth","?","microsats"
423,"target_group","Nalugwa et al. ",2011,"Tanzania","Katosho",-4.85216,29.65709,"Paper","?","microsats"
424,"target_group","Nalugwa et al. ",2011,"Uganda","Tonya",1.58677,31.08448,"Paper","?","microsats"
425,"target_group","Nalugwa et al. ",2010,"Uganda","Walukuba",1.84253,31.37842,"Google Earth","2007","barcoding"
426,"target_group","Nalugwa et al. ",2011,"Uganda","Bugoigo",1.90672,31.40769,"Paper","?","microsats"
427,"target_group","own collection",NA,"Senegal","Diama",16.210874,-16.403301,"GPS","2021","morphology"
428,"target_group","own collection",NA,"Senegal","Mboubiene",16.094453,-16.399712,"GPS","2021","morphology"
429,"target_group","own collection",NA,"Senegal","Lampsar",16.109207,-16.349687,"GPS","2021","morphology"
430,"target_group","own collection",NA,"Senegal","Mbane",16.242188,-15.801522,"GPS","2021","morphology"
431,"target_group","own collection",NA,"Senegal","Temeye Salane ",16.338925,-15.767275,"GPS","2021","morphology"
432,"target_group","own collection",NA,"Senegal","Ndombo",16.446248,-15.696076,"GPS","2021","morphology"
433,"target_group","own collection",NA,"Senegal","Podor",16.653148,-14.955749,"GPS","2021","morphology"
434,"target_group","own collection",NA,"Senegal","Podor-Kodit",16.598947,-14.935873,"GPS","2021","morphology"
435,"target_group","own collection",NA,"Senegal","Podor-Guyia",16.598236,-14.922772,"GPS","2021","morphology"
436,"target_group","own collection",NA,"Senegal","Podor-Diatar",16.633752,-14.910126,"GPS","2021","morphology"
437,"target_group","own collection",NA,"Senegal","Guédé Chantier",16.545725,-14.754717,"GPS","2021","morphology"
438,"target_group","own collection",NA,"Zimbabwe","Triangle",-20.831443,31.331674,"GPS","2021","morphology"
439,"target_group","Pennance et al.",2020,"Niger","Namaro",13.70971,1.69698,"Paper","2013","barcoding"
440,"target_group","Pennance et al.",2020,"Niger","Koutoukale Zeno",13.6862,1.74518,"Paper","2013","barcoding"
441,"target_group","Pennance et al.",2020,"Niger","Dokimana",13.03523,2.3432,"Paper","2011","barcoding"
442,"target_group","Rabone et al. ",2019,"Niger","Diambala",14.31047,1.29181,"Paper","2011-2016","morphology"
443,"target_group","Rabone et al. ",2019,"Niger","Lata",13.74199,1.68258,"Paper","2011-2016","morphology"
444,"target_group","Rabone et al. ",2019,"Niger","Zama Koira Tegui",13.70023,1.71885,"Paper","2011-2016","morphology"
445,"target_group","Rabone et al. ",2019,"Niger","Zama Koira Tegui",13.70183,1.71938,"Paper","2011-2016","morphology"
446,"target_group","Rabone et al. ",2019,"Niger","Karma",13.66605,1.80992,"Paper","2011-2016","morphology"
447,"target_group","Rabone et al. ",2019,"Niger","Karma",13.66367,1.82437,"Paper","2011-2016","morphology"
448,"target_group","Rabone et al. ",2019,"Niger","Karma",13.66395,1.82468,"Paper","2011-2016","morphology"
449,"target_group","Rabone et al. ",2019,"Niger","Karma",13.66344,1.82505,"Paper","2011-2016","morphology"
450,"target_group","Rabone et al. ",2019,"Niger","Yoreize Koira",13.61857,1.87245,"Paper","2011-2016","morphology"
451,"target_group","Rabone et al. ",2019,"Niger","Yoreize Koira",13.61844,1.87246,"Paper","2011-2016","morphology"
452,"target_group","Rabone et al. ",2019,"Niger","Yoreize Koira",13.61853,1.87262,"Paper","2011-2016","morphology"
453,"target_group","Rabone et al. ",2019,"Niger","Bangou Koirey",13.60993,1.90371,"Paper","2011-2016","morphology"
454,"target_group","Rabone et al. ",2019,"Niger","Libore ",13.40342,2.18843,"Paper","2011-2016","morphology"
455,"target_group","Rabone et al. ",2019,"Niger","Dokimana",13.03144,2.34215,"Paper","2011-2016","morphology"
456,"target_group","Rabone et al. ",2019,"Niger","Gantchi Bassarou",13.17232,2.34953,"Paper","2011-2016","morphology"
457,"target_group","Rabone et al. ",2019,"Niger","Gantchi Bassarou",13.17606,2.35497,"Paper","2011-2016","morphology"
458,"target_group","Rabone et al. ",2019,"Niger","Tokeye",13.1925,2.36142,"Paper","2011-2016","morphology"
459,"target_group","Rabone et al. ",2019,"Niger","Karma",13.66373,1.824866,"Paper","2011-2016","morphology"
460,"target_group","RMCA collection",2012,"Senegal","Tiguet",16.399,-16.319,"Google Earth","2012","morphology"
461,"target_group","RMCA collection",2012,"Senegal","Savoigne",16.2,-16.282,"Google Earth","2012","morphology"
462,"target_group","RMCA collection",2012,"Senegal","Diokhor",16.188,-15.883,"Google Earth","2012","morphology"
463,"target_group","RMCA collection",1972,"DR congo","kwilu ngongo",-5.51,14.703,"Google Earth","1972","morphology"
464,"target_group","RMCA collection",1952,"DR congo","Kapemba",-8.085,25.157,"Google Earth","1952","morphology"
465,"target_group","RMCA collection",1954,"DR congo","lake kipopo",-11.651,27.459,"Google Earth","1954","morphology"
466,"target_group","RMCA collection",1954,"DR congo","wangermée",-11.671,27.464,"Google Earth","1954","morphology"
467,"target_group","RMCA collection",NA,"DR congo","Kafubu",-11.71,27.508,"Google Earth","","morphology"
468,"target_group","RMCA collection",1954,"DR congo","Lake Lukulu",-1.26,29.029,"Google Earth","1954","morphology"
469,"target_group","RMCA collection",1966,"Nigeria ","Lake chad",13.68,13.33,"Google Earth","1966","morphology"
470,"target_group","RMCA collection",1960,"Rwanda","Lake Mugesera",-2.1,30.33,"Google Earth","1960","morphology"
471,"target_group","Tchuem Tchuenté et al.",2013,"Cameroon","Bessoum",9.13269,13.71405,"Paper","2010","morphology"
472,"target_group","Tchuem Tchuenté et al.",2013,"Cameroon ","Ouro Doukoudje",9.10014,13.71956,"Paper","2010","morphology"
473,"target_group","Tian-bi et al. ",2019,"Ivory Coast","Korokara",9.9000986,-5.627286,"Paper","2016","barcoding"
474,"target_group","Tian-bi et al. ",2019,"Ivory Coast","Kongobo",7.76805,-5.485431,"Paper","2017","barcoding"
475,"target_group","Tian-bi et al. ",2019,"Ivory Coast","Dékokaha",9.651211,-5.180114,"Paper","2016","morphology"
476,"target_group","Tian-bi et al. ",2019,"Ivory Coast","Noumousso",10.111986,-5.140014,"Paper","2017","barcoding"
477,"target_group","Tian-bi et al. ",2019,"Ivory Coast","Sambakaha",9.410642,-5.106206,"Paper","2016","barcoding"
478,"target_group","Tian-bi et al. ",2019,"Ivory Coast","Allokokro",7.731161,-5.081314,"Paper","2016","morphology"
479,"target_group","Tian-bi et al. ",2019,"Ivory Coast","Foro-Foro",7.995722,-5.070831,"Paper","2016","barcoding"
480,"target_group","Tian-bi et al. ",2019,"Ivory Coast","Allomabo",7.773567,-4.890617,"Paper","2017","morphology"
481,"target_group","Tian-bi et al. ",2019,"Ivory Coast","Bouko",9.478644,-3.17215,"Paper","2016","morphology"
482,"target_group","Tian-bi et al. ",2019,"Ivory Coast","Djémitédouo",9.285025,-2.968012,"Paper","2016","barcoding"
483,"target_group","Tian-bi et al. ",2019,"Ivory Coast","Torla",9.98796,-5.17968,"Paper","2016","morphology"
484,"target_group","Tian-bi et al. ",2019,"Ivory Coast","Mambiadougou",10.11363,-5.11856,"Paper","2016","barcoding"
485,"target_group","Tumwebaze et al. ",2019,"Niger","Satoni",14.46127,1.09041,"Google Earth","?","barcoding"
486,"target_group","Tumwebaze et al. ",2019,"Nigeria","Ibaro. ogun",7.15,3.11667,"Paper","?","barcoding"
487,"target_group","Tumwebaze et al. ",2019,"Nigeria","Oshogbo",8.08333,4.66667,"Paper","?","barcoding"
488,"target_group","Tumwebaze et al. ",2019,"Nigeria","Ilie",8.25,4.96667,"Paper","?","barcoding"
489,"target_group","Tumwebaze et al. ",2019,"Sardinia","Posada",40.84843,9.67537,"Paper","?","barcoding"
490,"target_group","Tumwebaze et al. ",2019,"Cameroon","Loum",4.72695,9.73489,"Google Earth","?","barcoding"
491,"target_group","Tumwebaze et al. ",2019,"Cameroon","Kekem",5.15064,10.00785,"Google Earth","?","barcoding"
492,"target_group","Tumwebaze et al. ",2019,"Cameroon","Bertoua",4.58889,13.68111,"Paper","?","barcoding"
493,"target_group","Tumwebaze et al. ",2019,"Cameroon","Mokolo",10.73449,13.81083,"Google Earth","?","barcoding"
494,"target_group","Tumwebaze et al. ",2019,"Uganda","Lake Kyasanduka",-0.28745,30.04731,"Paper","?","barcoding"
495,"target_group","Tumwebaze et al. ",2019,"Rwanda","rice scheme dam lake",-1.28652,30.31509,"Paper","?","barcoding"
496,"target_group","Tumwebaze et al. ",2019,"Rwanda","Lake Muhazi",-1.84843,30.47826,"Paper","?","barcoding"
497,"target_group","Tumwebaze et al. ",2019,"Rwanda","Lake Muhazi",-1.85912,30.49039,"Paper","?","barcoding"
498,"target_group","Tumwebaze et al. ",2019,"Egypt","Giza",30.14139,31.07694,"paper","?","barcoding"
499,"target_group","Tumwebaze et al. ",2019,"Uganda","Toonya",1.58629,31.08355,"Google Earth","?","barcoding"
500,"target_group","Tumwebaze et al. ",2019,"Uganda","Nile River",1.69249,32.09664,"Paper","?","barcoding"
501,"target_group","Tumwebaze et al. ",2019,"Egypt","Quena",26.17306,32.16611,"paper","?","barcoding"
502,"target_group","Tumwebaze et al. ",2019,"Uganda","Lake Victoria",0.13707,33.60149,"Paper","?","barcoding"
503,"target_group","Tumwebaze et al. ",2019,"Burkina Faso","Mogtedo barrage",12.30647,-0.82783,"Paper","?","barcoding"
504,"target_group","Yacoubi et al.",2007,"Morocco","Massa",29.99918,-9.64648,"Google Earth","?","morphology"
505,"target_group","Yacoubi et al.",2007,"Morocco","Massa",29.83584,-9.48305,"Google Earth","?","morphology"
506,"target_group","Yacoubi et al.",2007,"Morocco","Tanalt",29.77679,-9.17695,"Google Earth","?","morphology"
507,"target_group","Zein-Eddine et al.",2014,"Senegal","Ndonba",16.435556,-15.6977778,"Paper","?","barcoding"
508,"target_group","Zein-Eddine et al.",2014,"Senegal","Guédé Chantier",16.54587,-14.7547,"Paper","?","barcoding"
509,"target_group","Zein-Eddine et al.",2017,"Egypt","Kafr Al Zayat",30.82373,30.81118,"Paper","2012","microsats"
510,"target_group","Zein-Eddine et al.",2017,"Egypt","Qena",26.14956,32.70922,"Paper","2012","microsats"
511,"target_group","Zein-Eddine et al.",2014,"Cameroon","Dschang",5.445278,10.066944,"Paper","?","barcoding"
512,"target_group","Zein-Eddine et al.",2014,"Cameroon","Ngaoundéré",7.316389,13.589444,"Paper","?","barcoding"
513,"target_group","Zein-Eddine et al.",2017,"Egypt","El Beheira",30.848611,30.343333,"Paper","2012","microsats"
514,"target_group","Zein-Eddine et al.",2014,"Egypt","Behera",30.557778,30.703889,"Paper","?","barcoding"
515,"target_group","Zein-Eddine et al.",2014,"Egypt","Kafer-zayat",30.802222,30.801667,"Paper","?","barcoding"
516,"target_group","Zein-Eddine et al.",2017,"Egypt","Tanta",30.785278,31.006944,"Paper","2012","microsats"
517,"target_group","Zein-Eddine et al.",2017,"Egypt","Al Mansouria west",30.092222,31.033889,"Paper","2012","microsats"
518,"target_group","Zein-Eddine et al.",2017,"Egypt","Al Kanisa",30.023333,31.108056,"Paper","2012","microsats"
519,"target_group","Zein-Eddine et al.",2017,"Egypt","Al Mansouria east",30.100278,31.122778,"Paper","2012","microsats"
520,"target_group","Zein-Eddine et al.",2017,"Egypt","Al Masaken",30.015278,31.1475,"Paper","2012","microsats"
521,"target_group","Zein-Eddine et al.",2014,"Egypt","Kenesa West",30.160833,31.169167,"Paper","?","barcoding"
522,"target_group","Zein-Eddine et al.",2017,"Egypt","Al Nasim",30.070556,31.2225,"Paper","2012","microsats"
523,"target_group","Zein-Eddine et al.",2017,"Egypt","Nagaa Hammadi",26.048611,32.240556,"Paper","2012","microsats"
